Workbook
Name AMBER_MAX: 'Cover & Instructions'!$C$36
Name RED_MAX: 'Cover & Instructions'!$C$35
Name RISK_CRIT: 'Cover & Instructions'!$C$37
Name RISK_HIGH: 'Cover & Instructions'!$C$38
Name RISK_MED: 'Cover & Instructions'!$C$39

Sheet Cover & Instructions
B2: FAB - AWS Cloud Internet Breakout
B3: Independent Technical Assessment Workbook (SOW-aligned)
B4: Confidential - For Authorized Use Only
B6: ASSESSMENT DETAILS | E6: WORKBOOK STRUCTURE
B7: Customer Name: | C7: First Abu Dhabi Bank (FAB) | E7: Tab | F7: Name | G7: Description
B8: Engagement ID: | C8: [Enter Engagement ID] | E8: 1 | F8: Cover & Instructions | G8: Metadata, scoring guide, parameters, instructions
B9: SOW Reference: | C9: [Enter SOW No.] | E9: 2 | F9: SOW Traceability | G9: SOW clause to assessment item coverage (live)
B10: Assessment Date: | C10: [DD/MM/YYYY] | E10: 3 | F10: Architecture Review | G10: SOW 2.1 - design, VPC/CIDR, TGW, DNS, IGW/NAT, LBs, IaC
B11: Lead Assessor: | C11: [Enter Name] | E11: 4 | F11: Traffic Flow Validation | G11: SOW 2.2 - inbound/outbound/east-west, symmetry, insertion, steering
B12: Secondary Assessor(s): | C12: [Enter Name(s)] | E12: 5 | F12: Traffic Flow Matrix | G12: Per-flow path, inspection point and return-path validation
B13: Scope: | C13: AWS Cloud Internet Breakout - Architecture, Traffic Flow, Resilience, Third-Party Integration, Migration & Cutover | E13: 6 | F13: HA & Resilience | G13: SOW 2.3 - multi-AZ, failure modes, convergence, asymmetry
B14: AWS Account(s) in Scope: | C14: [Enter Account IDs] | E14: 7 | F14: UAT Failover Scenarios | G14: Failover scenarios, expected results, measured recovery
B15: AWS Region(s): | C15: [Enter Region(s)] | E15: 8 | F15: Third-Party Integration | G15: SOW 2.4 - NVAs, IPS/IDS/WAF, proxy, GENEVE, health checks
B16: Assessment Version: | C16: 1 | E16: 9 | F16: Migration & Cutover | G16: SOW 2.5 - switchover, rollback, black-hole windows, readiness
B17: Document Classification: | C17: Confidential | E17: 10 | F17: Go-NoGo Criteria | G17: Go/No-Go criteria with automatic decision
E18: 11 | F18: Integration Risk Register | G18: AWS and third-party interoperability risks and mitigations
B19: SCORING LEGEND | E19: 12 | F19: Findings & Remediation | G19: Consolidated findings, risk rating and remediation plan
B20: Score | C20: Maturity Level | D20: Description | E20: 13 | F20: Deliverables Tracker | G20: Seven SOW deliverables and partner responsibilities
B21: 1 | C21: Not Implemented | D21: Control or capability is absent; no evidence of implementation or planning. | E21: 14 | F21: Executive Dashboard | G21: Scores, RAG distribution, risks, UAT, cutover readiness
B22: 2 | C22: Initial / Ad-Hoc | D22: Partial or reactive implementation; not standardized, inconsistent.
B23: 3 | C23: Defined / Managed | D23: Documented and consistently applied; meets baseline requirements. | E23: INSTRUCTIONS FOR USE
B24: 4 | C24: Quantitatively Managed | D24: Proactive monitoring, metrics-driven; exceeds baseline. | E24: 1. Complete the Assessment Details on this tab; set thresholds in Parameters if FAB requires different bands.
B25: 5 | C25: Optimized / Automated | D25: Fully automated, continuously improved; industry-leading. | E25: 2. Review the SOW Traceability tab: every SOW clause must show 'Covered' (no GAP).
E26: 3. Work through tabs 3-9 (Architecture, Traffic Flow, HA & Resilience, Third-Party, Migration, plus the Flow Matrix and UAT tabs). Score each item 1-5 using the Scoring Legend; RAG is calculated automatically.
B27: RAG STATUS GUIDE | E27: 4. For every item record Findings and Recommendations, and attach evidence per the Evidence / Validation Method column. Leave Score blank if an item is not applicable.
B28: Status | C28: Criteria | D28: Score Range | E28: 5. Record each issue as a row in Findings & Remediation with Evidence, Impact, Likelihood, Impact score, Recommendation, Dependency and Owner (SOW Section 4 requirement).
B29: RED | C29: Critical gap - immediate remediation required. High risk. | D29: =TEXT(1,"0.0")&" - "&TEXT(RED_MAX,"0.0") -> 1.0 - 2.0 | E29: 6. Validate every row of the Traffic Flow Matrix and execute the UAT Failover Scenarios; record measured recovery times against FAB-agreed targets.
B30: AMBER | C30: Partial implementation - improvement needed in 30-60 days. | D30: =TEXT(RED_MAX+0.1,"0.0")&" - "&TEXT(AMBER_MAX,"0.0") -> 2.1 - 3.5 | E30: 7. Rate the seeded candidate risks in the Integration Risk Register (Likelihood x Impact) and add any new interoperability risks.
B31: GREEN | C31: Meets or exceeds requirements - minor improvements only. | D31: =TEXT(AMBER_MAX+0.1,"0.0")&" - "&TEXT(5,"0.0") -> 3.6 - 5.0 | E31: 8. Update the Go-NoGo Criteria status; the overall GO / NO-GO / PENDING decision is calculated automatically.
E32: 9. Track each SOW deliverable and FAB review comments on the Deliverables Tracker.
B33: PARAMETERS (edit blue cells to change thresholds workbook-wide) | E33: 10. Executive Dashboard summarises everything live - review before the FAB readout. Blue cells are inputs; grey italic text is placeholder text to overwrite.
B34: Parameter | C34: Value | D34: Notes
B35: RED if score <= | C35: 2 | D35: Scores at or below this value are RED (assessment items and domain averages). Source: reference workbook RAG guide (1.0 - 2.0).
B36: AMBER if score <= | C36: 3.5 | D36: Scores above RED and up to this value are AMBER; above it GREEN. Source: reference workbook RAG guide (2.1 - 3.5).
B37: Risk Critical if score >= | C37: 20 | D37: Likelihood x Impact (1-25). Assessor-set threshold - adjust to FAB risk appetite.
B38: Risk High if score >= | C38: 12 | D38: Assessor-set threshold - adjust to FAB risk appetite.
B39: Risk Medium if score >= | C39: 6 | D39: Below this value the risk is Low. Assessor-set threshold - adjust to FAB risk appetite.
B41: EXAMPLE FINDING ENTRY (ILLUSTRATIVE ONLY - not an assessed finding)
B42: Finding Summary | C42: Inspection VPC TGW attachment has appliance mode disabled. | D42: One line stating what is wrong and where.
B43: Evidence Reference | C43: TGW attachment attribute export; VPC Flow Logs showing one-directional flows. | D43: Screenshot/export/log reference so FAB can verify.
B44: Impact | C44: Stateful firewall sees only one direction of some flows across AZs - intermittent resets and drops. | D44: Business and technical consequence.
B45: Likelihood / Impact (1-5) | C45: 4 / 4 -> Risk Score 16 = High | D45: Score, rating and RAG are calculated automatically.
B46: Recommendation | C46: Enable appliance mode on the inspection attachment; validate flow symmetry in UAT before cutover. | D46: Specific and actionable.
B47: Dependency | C47: Change window; brief attachment update; UAT-010 retest. | D47: What must happen first or alongside.
B48: Owner / Closure Evidence | C48: [Assign] / Post-change flow logs and packet capture showing symmetric flows. | D48: Who fixes it and how closure is proven.
B49: Reference format: AWS_Cloud_Internet_Breakout_Assessment.xlsx. Candidate risks, flow patterns and UAT scenarios are generic starting points - all scores and findings must come from FAB evidence.

Sheet SOW Traceability
A1: SOW TRACEABILITY MATRIX
A2: Every SOW scope clause maps to assessment items; coverage is calculated live from the assessment tabs (GAP = no item mapped)
A4: SOW Ref | B4: SOW Section | C4: SOW Requirement | D4: Assessment Tab | E4: Items Mapped | F4: Items Scored | G4: Avg Score | H4: Coverage Check | I4: Linked Deliverable # | J4: Workbook Coverage
A5: 1 | B5: 1. Objective | C5: Independent technical assessment of the AWS Cloud Internet Breakout architecture before production rollout: design, routing, security controls, resilience, migration readiness and key risks. | D5: All tabs | H5: n/a | I5: All | J5: Consolidated in Executive Dashboard
A6: 2.1.1 | B6: 2.1 Architecture Review | C6: Review the design against FAB security, availability and operational requirements. | D6: Architecture Review | E6: =COUNTIF('Architecture Review'!$F$5:$F$300,$A6) -> 6 | F6: =COUNTIFS('Architecture Review'!$F$5:$F$300,$A6,'Architecture Review'!$G$5:$G$300,">0") -> 0 | G6: =IFERROR(AVERAGEIFS('Architecture Review'!$G$5:$G$300,'Architecture Review'!$F$5:$F$300,$A6),"") | H6: =IF(E6>0,"Covered","GAP") -> Covered | I6: 1 | J6: =IF(E6=0,"No item mapped",IF(F6=E6,"All items scored",F6&" of "&E6&" items scored")) -> 0 of 6 items scored
A7: 2.1.2 | B7: 2.1 Architecture Review | C7: Validate VPCs, CIDRs, subnets and Availability Zone placement. | D7: Architecture Review | E7: =COUNTIF('Architecture Review'!$F$5:$F$300,$A7) -> 6 | F7: =COUNTIFS('Architecture Review'!$F$5:$F$300,$A7,'Architecture Review'!$G$5:$G$300,">0") -> 0 | G7: =IFERROR(AVERAGEIFS('Architecture Review'!$G$5:$G$300,'Architecture Review'!$F$5:$F$300,$A7),"") | H7: =IF(E7>0,"Covered","GAP") -> Covered | I7: 1 | J7: =IF(E7=0,"No item mapped",IF(F7=E7,"All items scored",F7&" of "&E7&" items scored")) -> 0 of 6 items scored
A8: 2.1.3 | B8: 2.1 Architecture Review | C8: Assess Transit Gateway, route tables, propagation and routing controls. | D8: Architecture Review | E8: =COUNTIF('Architecture Review'!$F$5:$F$300,$A8) -> 9 | F8: =COUNTIFS('Architecture Review'!$F$5:$F$300,$A8,'Architecture Review'!$G$5:$G$300,">0") -> 0 | G8: =IFERROR(AVERAGEIFS('Architecture Review'!$G$5:$G$300,'Architecture Review'!$F$5:$F$300,$A8),"") | H8: =IF(E8>0,"Covered","GAP") -> Covered | I8: 1 | J8: =IF(E8=0,"No item mapped",IF(F8=E8,"All items scored",F8&" of "&E8&" items scored")) -> 0 of 9 items scored
A9: 2.1.4 | B9: 2.1 Architecture Review | C9: DNS architecture and name resolution. | D9: Architecture Review | E9: =COUNTIF('Architecture Review'!$F$5:$F$300,$A9) -> 5 | F9: =COUNTIFS('Architecture Review'!$F$5:$F$300,$A9,'Architecture Review'!$G$5:$G$300,">0") -> 0 | G9: =IFERROR(AVERAGEIFS('Architecture Review'!$G$5:$G$300,'Architecture Review'!$F$5:$F$300,$A9),"") | H9: =IF(E9>0,"Covered","GAP") -> Covered | I9: 1 | J9: =IF(E9=0,"No item mapped",IF(F9=E9,"All items scored",F9&" of "&E9&" items scored")) -> 0 of 5 items scored
A10: 2.1.5 | B10: 2.1 Architecture Review | C10: Internet Gateway and NAT Gateway design. | D10: Architecture Review | E10: =COUNTIF('Architecture Review'!$F$5:$F$300,$A10) -> 6 | F10: =COUNTIFS('Architecture Review'!$F$5:$F$300,$A10,'Architecture Review'!$G$5:$G$300,">0") -> 0 | G10: =IFERROR(AVERAGEIFS('Architecture Review'!$G$5:$G$300,'Architecture Review'!$F$5:$F$300,$A10),"") | H10: =IF(E10>0,"Covered","GAP") -> Covered | I10: 1 | J10: =IF(E10=0,"No item mapped",IF(F10=E10,"All items scored",F10&" of "&E10&" items scored")) -> 0 of 6 items scored
A11: 2.1.6 | B11: 2.1 Architecture Review | C11: Application Load Balancer, Network Load Balancer and Gateway Load Balancer design. | D11: Architecture Review | E11: =COUNTIF('Architecture Review'!$F$5:$F$300,$A11) -> 6 | F11: =COUNTIFS('Architecture Review'!$F$5:$F$300,$A11,'Architecture Review'!$G$5:$G$300,">0") -> 0 | G11: =IFERROR(AVERAGEIFS('Architecture Review'!$G$5:$G$300,'Architecture Review'!$F$5:$F$300,$A11),"") | H11: =IF(E11>0,"Covered","GAP") -> Covered | I11: 1 | J11: =IF(E11=0,"No item mapped",IF(F11=E11,"All items scored",F11&" of "&E11&" items scored")) -> 0 of 6 items scored
A12: 2.1.7 | B12: 2.1 Architecture Review | C12: Review Terraform or CloudFormation against the approved design. | D12: Architecture Review | E12: =COUNTIF('Architecture Review'!$F$5:$F$300,$A12) -> 5 | F12: =COUNTIFS('Architecture Review'!$F$5:$F$300,$A12,'Architecture Review'!$G$5:$G$300,">0") -> 0 | G12: =IFERROR(AVERAGEIFS('Architecture Review'!$G$5:$G$300,'Architecture Review'!$F$5:$F$300,$A12),"") | H12: =IF(E12>0,"Covered","GAP") -> Covered | I12: 1 | J12: =IF(E12=0,"No item mapped",IF(F12=E12,"All items scored",F12&" of "&E12&" items scored")) -> 0 of 5 items scored
A13: 2.2.1 | B13: 2.2 Traffic Flow Validation | C13: Review inbound, outbound and east-west traffic flows. | D13: Traffic Flow Validation | E13: =COUNTIF('Traffic Flow Validation'!$F$5:$F$300,$A13) -> 16 | F13: =COUNTIFS('Traffic Flow Validation'!$F$5:$F$300,$A13,'Traffic Flow Validation'!$G$5:$G$300,">0") -> 0 | G13: =IFERROR(AVERAGEIFS('Traffic Flow Validation'!$G$5:$G$300,'Traffic Flow Validation'!$F$5:$F$300,$A13),"") | H13: =IF(E13>0,"Covered","GAP") -> Covered | I13: 2 | J13: =IF(E13=0,"No item mapped",IF(F13=E13,"All items scored",F13&" of "&E13&" items scored")) -> 0 of 16 items scored
A14: 2.2.2 | B14: 2.2 Traffic Flow Validation | C14: Validate L3/L7 paths, inspection, proxy, firewall and load-balancing dependencies. | D14: Traffic Flow Validation | E14: =COUNTIF('Traffic Flow Validation'!$F$5:$F$300,$A14) -> 5 | F14: =COUNTIFS('Traffic Flow Validation'!$F$5:$F$300,$A14,'Traffic Flow Validation'!$G$5:$G$300,">0") -> 0 | G14: =IFERROR(AVERAGEIFS('Traffic Flow Validation'!$G$5:$G$300,'Traffic Flow Validation'!$F$5:$F$300,$A14),"") | H14: =IF(E14>0,"Covered","GAP") -> Covered | I14: 2 | J14: =IF(E14=0,"No item mapped",IF(F14=E14,"All items scored",F14&" of "&E14&" items scored")) -> 0 of 5 items scored
A15: 2.2.3 | B15: 2.2 Traffic Flow Validation | C15: Verify routing symmetry and return-path design. | D15: Traffic Flow Validation | E15: =COUNTIF('Traffic Flow Validation'!$F$5:$F$300,$A15) -> 3 | F15: =COUNTIFS('Traffic Flow Validation'!$F$5:$F$300,$A15,'Traffic Flow Validation'!$G$5:$G$300,">0") -> 0 | G15: =IFERROR(AVERAGEIFS('Traffic Flow Validation'!$G$5:$G$300,'Traffic Flow Validation'!$F$5:$F$300,$A15),"") | H15: =IF(E15>0,"Covered","GAP") -> Covered | I15: 2 | J15: =IF(E15=0,"No item mapped",IF(F15=E15,"All items scored",F15&" of "&E15&" items scored")) -> 0 of 3 items scored
A16: 2.2.4 | B16: 2.2 Traffic Flow Validation | C16: Review service insertion and inspection flows. | D16: Traffic Flow Validation | E16: =COUNTIF('Traffic Flow Validation'!$F$5:$F$300,$A16) -> 3 | F16: =COUNTIFS('Traffic Flow Validation'!$F$5:$F$300,$A16,'Traffic Flow Validation'!$G$5:$G$300,">0") -> 0 | G16: =IFERROR(AVERAGEIFS('Traffic Flow Validation'!$G$5:$G$300,'Traffic Flow Validation'!$F$5:$F$300,$A16),"") | H16: =IF(E16>0,"Covered","GAP") -> Covered | I16: 2 | J16: =IF(E16=0,"No item mapped",IF(F16=E16,"All items scored",F16&" of "&E16&" items scored")) -> 0 of 3 items scored
A17: 2.2.5 | B17: 2.2 Traffic Flow Validation | C17: Confirm security-control placement and traffic steering. | D17: Traffic Flow Validation | E17: =COUNTIF('Traffic Flow Validation'!$F$5:$F$300,$A17) -> 4 | F17: =COUNTIFS('Traffic Flow Validation'!$F$5:$F$300,$A17,'Traffic Flow Validation'!$G$5:$G$300,">0") -> 0 | G17: =IFERROR(AVERAGEIFS('Traffic Flow Validation'!$G$5:$G$300,'Traffic Flow Validation'!$F$5:$F$300,$A17),"") | H17: =IF(E17>0,"Covered","GAP") -> Covered | I17: 2 | J17: =IF(E17=0,"No item mapped",IF(F17=E17,"All items scored",F17&" of "&E17&" items scored")) -> 0 of 4 items scored
A18: 2.3.1 | B18: 2.3 High Availability & Resilience | C18: Review multi-Availability Zone architecture and fault-tolerance mechanisms. | D18: HA & Resilience | E18: =COUNTIF('HA & Resilience'!$F$5:$F$300,$A18) -> 6 | F18: =COUNTIFS('HA & Resilience'!$F$5:$F$300,$A18,'HA & Resilience'!$G$5:$G$300,">0") -> 0 | G18: =IFERROR(AVERAGEIFS('HA & Resilience'!$G$5:$G$300,'HA & Resilience'!$F$5:$F$300,$A18),"") | H18: =IF(E18>0,"Covered","GAP") -> Covered | I18: 3 | J18: =IF(E18=0,"No item mapped",IF(F18=E18,"All items scored",F18&" of "&E18&" items scored")) -> 0 of 6 items scored
A19: 2.3.2 | B19: 2.3 High Availability & Resilience | C19: Assess Availability Zone, network virtual appliance and Gateway Load Balancer target failure scenarios. | D19: HA & Resilience | E19: =COUNTIF('HA & Resilience'!$F$5:$F$300,$A19) -> 8 | F19: =COUNTIFS('HA & Resilience'!$F$5:$F$300,$A19,'HA & Resilience'!$G$5:$G$300,">0") -> 0 | G19: =IFERROR(AVERAGEIFS('HA & Resilience'!$G$5:$G$300,'HA & Resilience'!$F$5:$F$300,$A19),"") | H19: =IF(E19>0,"Covered","GAP") -> Covered | I19: 3 | J19: =IF(E19=0,"No item mapped",IF(F19=E19,"All items scored",F19&" of "&E19&" items scored")) -> 0 of 8 items scored
A20: 2.3.3 | B20: 2.3 High Availability & Resilience | C20: Review route convergence, recovery behavior and stateful session impact. | D20: HA & Resilience | E20: =COUNTIF('HA & Resilience'!$F$5:$F$300,$A20) -> 5 | F20: =COUNTIFS('HA & Resilience'!$F$5:$F$300,$A20,'HA & Resilience'!$G$5:$G$300,">0") -> 0 | G20: =IFERROR(AVERAGEIFS('HA & Resilience'!$G$5:$G$300,'HA & Resilience'!$F$5:$F$300,$A20),"") | H20: =IF(E20>0,"Covered","GAP") -> Covered | I20: 3 | J20: =IF(E20=0,"No item mapped",IF(F20=E20,"All items scored",F20&" of "&E20&" items scored")) -> 0 of 5 items scored
A21: 2.3.4 | B21: 2.3 High Availability & Resilience | C21: Identify asymmetric-routing risks. | D21: HA & Resilience | E21: =COUNTIF('HA & Resilience'!$F$5:$F$300,$A21) -> 4 | F21: =COUNTIFS('HA & Resilience'!$F$5:$F$300,$A21,'HA & Resilience'!$G$5:$G$300,">0") -> 0 | G21: =IFERROR(AVERAGEIFS('HA & Resilience'!$G$5:$G$300,'HA & Resilience'!$F$5:$F$300,$A21),"") | H21: =IF(E21>0,"Covered","GAP") -> Covered | I21: 3 | J21: =IF(E21=0,"No item mapped",IF(F21=E21,"All items scored",F21&" of "&E21&" items scored")) -> 0 of 4 items scored
A22: 2.3.5 | B22: 2.3 High Availability & Resilience | C22: Define practical failover scenarios and expected results for UAT. | D22: HA & Resilience | E22: =COUNTIF('HA & Resilience'!$F$5:$F$300,$A22) -> 6 | F22: =COUNTIFS('HA & Resilience'!$F$5:$F$300,$A22,'HA & Resilience'!$G$5:$G$300,">0") -> 0 | G22: =IFERROR(AVERAGEIFS('HA & Resilience'!$G$5:$G$300,'HA & Resilience'!$F$5:$F$300,$A22),"") | H22: =IF(E22>0,"Covered","GAP") -> Covered | I22: 3 | J22: =IF(E22=0,"No item mapped",IF(F22=E22,"All items scored",F22&" of "&E22&" items scored")) -> 0 of 6 items scored
A23: 2.4.1 | B23: 2.4 Third-Party Integration | C23: Review integration with network virtual appliances and firewalls. | D23: Third-Party Integration | E23: =COUNTIF('Third-Party Integration'!$F$5:$F$300,$A23) -> 8 | F23: =COUNTIFS('Third-Party Integration'!$F$5:$F$300,$A23,'Third-Party Integration'!$G$5:$G$300,">0") -> 0 | G23: =IFERROR(AVERAGEIFS('Third-Party Integration'!$G$5:$G$300,'Third-Party Integration'!$F$5:$F$300,$A23),"") | H23: =IF(E23>0,"Covered","GAP") -> Covered | I23: 4 | J23: =IF(E23=0,"No item mapped",IF(F23=E23,"All items scored",F23&" of "&E23&" items scored")) -> 0 of 8 items scored
A24: 2.4.2 | B24: 2.4 Third-Party Integration | C24: Review integration with IPS/IDS and WAF solutions. | D24: Third-Party Integration | E24: =COUNTIF('Third-Party Integration'!$F$5:$F$300,$A24) -> 6 | F24: =COUNTIFS('Third-Party Integration'!$F$5:$F$300,$A24,'Third-Party Integration'!$G$5:$G$300,">0") -> 0 | G24: =IFERROR(AVERAGEIFS('Third-Party Integration'!$G$5:$G$300,'Third-Party Integration'!$F$5:$F$300,$A24),"") | H24: =IF(E24>0,"Covered","GAP") -> Covered | I24: 4 | J24: =IF(E24=0,"No item mapped",IF(F24=E24,"All items scored",F24&" of "&E24&" items scored")) -> 0 of 6 items scored
A25: 2.4.3 | B25: 2.4 Third-Party Integration | C25: Review integration with proxy and security inspection services. | D25: Third-Party Integration | E25: =COUNTIF('Third-Party Integration'!$F$5:$F$300,$A25) -> 5 | F25: =COUNTIFS('Third-Party Integration'!$F$5:$F$300,$A25,'Third-Party Integration'!$G$5:$G$300,">0") -> 0 | G25: =IFERROR(AVERAGEIFS('Third-Party Integration'!$G$5:$G$300,'Third-Party Integration'!$F$5:$F$300,$A25),"") | H25: =IF(E25>0,"Covered","GAP") -> Covered | I25: 4 | J25: =IF(E25=0,"No item mapped",IF(F25=E25,"All items scored",F25&" of "&E25&" items scored")) -> 0 of 5 items scored
A26: 2.4.4 | B26: 2.4 Third-Party Integration | C26: GENEVE compatibility, health checks, routing, return paths and inspection-chain dependencies. | D26: Third-Party Integration | E26: =COUNTIF('Third-Party Integration'!$F$5:$F$300,$A26) -> 10 | F26: =COUNTIFS('Third-Party Integration'!$F$5:$F$300,$A26,'Third-Party Integration'!$G$5:$G$300,">0") -> 0 | G26: =IFERROR(AVERAGEIFS('Third-Party Integration'!$G$5:$G$300,'Third-Party Integration'!$F$5:$F$300,$A26),"") | H26: =IF(E26>0,"Covered","GAP") -> Covered | I26: 4 | J26: =IF(E26=0,"No item mapped",IF(F26=E26,"All items scored",F26&" of "&E26&" items scored")) -> 0 of 10 items scored
A27: 2.5.1 | B27: 2.5 Migration & Cutover Readiness | C27: Review the migration strategy and traffic switchover sequence. | D27: Migration & Cutover | E27: =COUNTIF('Migration & Cutover'!$F$5:$F$300,$A27) -> 8 | F27: =COUNTIFS('Migration & Cutover'!$F$5:$F$300,$A27,'Migration & Cutover'!$G$5:$G$300,">0") -> 0 | G27: =IFERROR(AVERAGEIFS('Migration & Cutover'!$G$5:$G$300,'Migration & Cutover'!$F$5:$F$300,$A27),"") | H27: =IF(E27>0,"Covered","GAP") -> Covered | I27: 5 | J27: =IF(E27=0,"No item mapped",IF(F27=E27,"All items scored",F27&" of "&E27&" items scored")) -> 0 of 8 items scored
A28: 2.5.2 | B28: 2.5 Migration & Cutover Readiness | C28: Review rollback procedures, triggers and service-restoration criteria. | D28: Migration & Cutover | E28: =COUNTIF('Migration & Cutover'!$F$5:$F$300,$A28) -> 5 | F28: =COUNTIFS('Migration & Cutover'!$F$5:$F$300,$A28,'Migration & Cutover'!$G$5:$G$300,">0") -> 0 | G28: =IFERROR(AVERAGEIFS('Migration & Cutover'!$G$5:$G$300,'Migration & Cutover'!$F$5:$F$300,$A28),"") | H28: =IF(E28>0,"Covered","GAP") -> Covered | I28: 5 | J28: =IF(E28=0,"No item mapped",IF(F28=E28,"All items scored",F28&" of "&E28&" items scored")) -> 0 of 5 items scored
A29: 2.5.3 | B29: 2.5 Migration & Cutover Readiness | C29: Identify cutover dependencies and potential traffic black-hole windows. | D29: Migration & Cutover | E29: =COUNTIF('Migration & Cutover'!$F$5:$F$300,$A29) -> 6 | F29: =COUNTIFS('Migration & Cutover'!$F$5:$F$300,$A29,'Migration & Cutover'!$G$5:$G$300,">0") -> 0 | G29: =IFERROR(AVERAGEIFS('Migration & Cutover'!$G$5:$G$300,'Migration & Cutover'!$F$5:$F$300,$A29),"") | H29: =IF(E29>0,"Covered","GAP") -> Covered | I29: 5 | J29: =IF(E29=0,"No item mapped",IF(F29=E29,"All items scored",F29&" of "&E29&" items scored")) -> 0 of 6 items scored
A30: 2.5.4 | B30: 2.5 Migration & Cutover Readiness | C30: Define go/no-go criteria. | D30: Migration & Cutover | E30: =COUNTIF('Migration & Cutover'!$F$5:$F$300,$A30) -> 4 | F30: =COUNTIFS('Migration & Cutover'!$F$5:$F$300,$A30,'Migration & Cutover'!$G$5:$G$300,">0") -> 0 | G30: =IFERROR(AVERAGEIFS('Migration & Cutover'!$G$5:$G$300,'Migration & Cutover'!$F$5:$F$300,$A30),"") | H30: =IF(E30>0,"Covered","GAP") -> Covered | I30: 5 | J30: =IF(E30=0,"No item mapped",IF(F30=E30,"All items scored",F30&" of "&E30&" items scored")) -> 0 of 4 items scored
A31: 2.5.5 | B31: 2.5 Migration & Cutover Readiness | C31: Provide production-readiness recommendation with risks and prerequisites. | D31: Migration & Cutover | E31: =COUNTIF('Migration & Cutover'!$F$5:$F$300,$A31) -> 4 | F31: =COUNTIFS('Migration & Cutover'!$F$5:$F$300,$A31,'Migration & Cutover'!$G$5:$G$300,">0") -> 0 | G31: =IFERROR(AVERAGEIFS('Migration & Cutover'!$G$5:$G$300,'Migration & Cutover'!$F$5:$F$300,$A31),"") | H31: =IF(E31>0,"Covered","GAP") -> Covered | I31: 5 | J31: =IF(E31=0,"No item mapped",IF(F31=E31,"All items scored",F31&" of "&E31&" items scored")) -> 0 of 4 items scored
A32: 3 | B32: 3. Key Deliverables | C32: Seven deliverables with minimum content (see Deliverables Tracker). | D32: Deliverables Tracker | H32: n/a | I32: 1-7 | J32: =COUNTIF('Deliverables Tracker'!$I$5:$I$11,"Accepted")&" of 7 deliverables accepted" -> 0 of 7 deliverables accepted
A33: 4 | B33: 4. Partner Responsibilities | C33: Consultants assigned; evidence-backed findings; FAB comments resolved; final artefacts submitted. | D33: Deliverables Tracker | H33: n/a | I33: 1-7 | J33: See Partner Responsibilities checklist
C35: Scope clauses with no mapped item (GAP): | E35: =COUNTIF($H$5:$H$31,"GAP") -> 0

Sheet Architecture Review
A1: ARCHITECTURE REVIEW
A2: SOW 2.1 | Requirements Alignment | VPC/CIDR/Subnet/AZ | Transit Gateway & Routing | DNS | IGW & NAT | ALB/NLB/GWLB | Terraform/CloudFormation
A4: ID | B4: Category | C4: Assessment Item | D4: Description / Expected State | E4: Evidence / Validation Method | F4: SOW Ref | G4: Score (1-5) | H4: RAG Status | I4: Findings | J4: Recommendations | K4: Owner | L4: Target Date
A5: Requirements Alignment (SOW 2.1.1)
A6: ARC-001 | B6: Requirements Alignment | C6: Requirements Baseline | D6: FAB security, availability and operational requirements for internet breakout are documented and every design decision is traceable to a requirement. | E6: FAB requirements register, HLD/LLD, design decision log, traceability matrix | F6: 2.1.1 | H6: =IF(G6="","",IF(G6<=RED_MAX,"RED",IF(G6<=AMBER_MAX,"AMBER","GREEN"))) | I6: [Enter findings] | J6: [Enter recommendations] | K6: [Assign] | L6: [Date]
A7: ARC-002 | B7: Requirements Alignment | C7: Security Standards Alignment | D7: Design meets FAB security standards: segmentation, centralised egress control, traffic inspection, logging, and encryption in transit. | E7: FAB security standards, control compliance matrix, design review workshop | F7: 2.1.1 | H7: =IF(G7="","",IF(G7<=RED_MAX,"RED",IF(G7<=AMBER_MAX,"AMBER","GREEN"))) | I7: [Enter findings] | J7: [Enter recommendations] | K7: [Assign] | L7: [Date]
A8: ARC-003 | B8: Requirements Alignment | C8: Availability & Recovery Targets | D8: Availability, RTO and RPO targets for internet connectivity are defined and the design demonstrably meets them. | E8: SLA/SLO documents, availability calculation, RTO/RPO sign-off | F8: 2.1.1 | H8: =IF(G8="","",IF(G8<=RED_MAX,"RED",IF(G8<=AMBER_MAX,"AMBER","GREEN"))) | I8: [Enter findings] | J8: [Enter recommendations] | K8: [Assign] | L8: [Date]
A9: ARC-004 | B9: Requirements Alignment | C9: Operational Requirements Alignment | D9: Operating model (monitoring, patching, change, on-call, runbooks) is defined and resourced for all breakout components. | E9: Operations handbook, RACI, runbook inventory, on-call rota | F9: 2.1.1 | H9: =IF(G9="","",IF(G9<=RED_MAX,"RED",IF(G9<=AMBER_MAX,"AMBER","GREEN"))) | I9: [Enter findings] | J9: [Enter recommendations] | K9: [Assign] | L9: [Date]
A10: ARC-005 | B10: Requirements Alignment | C10: Design Documentation Quality | D10: HLD, LLD, network diagrams, IP plan and data-flow diagrams are complete, current, version-controlled and formally approved. | E10: Architecture repository, approval records, diagram vs deployed-state comparison | F10: 2.1.1 | H10: =IF(G10="","",IF(G10<=RED_MAX,"RED",IF(G10<=AMBER_MAX,"AMBER","GREEN"))) | I10: [Enter findings] | J10: [Enter recommendations] | K10: [Assign] | L10: [Date]
A11: ARC-006 | B11: Requirements Alignment | C11: Landing Zone & Reference Architecture Fit | D11: Network, inspection and egress components sit in dedicated network/shared-services accounts, aligned to AWS Landing Zone and Security Reference Architecture patterns. | E11: AWS Organizations structure, account inventory, SRA gap comparison | F11: 2.1.1 | H11: =IF(G11="","",IF(G11<=RED_MAX,"RED",IF(G11<=AMBER_MAX,"AMBER","GREEN"))) | I11: [Enter findings] | J11: [Enter recommendations] | K11: [Assign] | L11: [Date]
A12: VPC, CIDR, Subnet & AZ Design (SOW 2.1.2)
A13: ARC-007 | B13: VPC, CIDR, Subnet & AZ Design | C13: VPC Topology & Roles | D13: VPC roles (ingress, egress, inspection, spoke, shared services) are clearly defined and the hub-and-spoke topology matches the approved design. | E13: VPC inventory across accounts/regions, topology diagram, tagging review | F13: 2.1.2 | H13: =IF(G13="","",IF(G13<=RED_MAX,"RED",IF(G13<=AMBER_MAX,"AMBER","GREEN"))) | I13: [Enter findings] | J13: [Enter recommendations] | K13: [Assign] | L13: [Date]
A14: ARC-008 | B14: VPC, CIDR, Subnet & AZ Design | C14: CIDR Planning & Non-Overlap | D14: VPC CIDRs are non-overlapping with on-premises and other VPCs, managed via IPAM, and have documented growth headroom. | E14: IPAM export, CIDR allocation register, overlap analysis script | F14: 2.1.2 | H14: =IF(G14="","",IF(G14<=RED_MAX,"RED",IF(G14<=AMBER_MAX,"AMBER","GREEN"))) | I14: [Enter findings] | J14: [Enter recommendations] | K14: [Assign] | L14: [Date]
A15: ARC-009 | B15: VPC, CIDR, Subnet & AZ Design | C15: Subnet Design & Sizing | D15: Subnets are tiered and separated (TGW attachment, GWLB endpoint, NAT/public, appliance, workload) with adequate sizing and dedicated small subnets for TGW attachments. | E15: Subnet inventory, route table association review, IP utilisation report | F15: 2.1.2 | H15: =IF(G15="","",IF(G15<=RED_MAX,"RED",IF(G15<=AMBER_MAX,"AMBER","GREEN"))) | I15: [Enter findings] | J15: [Enter recommendations] | K15: [Assign] | L15: [Date]
A16: ARC-010 | B16: VPC, CIDR, Subnet & AZ Design | C16: Availability Zone Placement & AZ-ID Consistency | D16: Components are placed in the required number of AZs and consistent AZ IDs (not just AZ names) are used across accounts so resources are truly co-located or separated as designed. | E16: AZ name-to-ID mapping per account, subnet/AZ inventory | F16: 2.1.2 | H16: =IF(G16="","",IF(G16<=RED_MAX,"RED",IF(G16<=AMBER_MAX,"AMBER","GREEN"))) | I16: [Enter findings] | J16: [Enter recommendations] | K16: [Assign] | L16: [Date]
A17: ARC-011 | B17: VPC, CIDR, Subnet & AZ Design | C17: NACL & Security Group Baseline | D17: NACLs and security groups on inspection, egress and endpoint subnets allow only required flows and cannot be used to bypass design intent. | E17: NACL/SG export, Reachability Analyzer, rule review | F17: 2.1.2 | H17: =IF(G17="","",IF(G17<=RED_MAX,"RED",IF(G17<=AMBER_MAX,"AMBER","GREEN"))) | I17: [Enter findings] | J17: [Enter recommendations] | K17: [Assign] | L17: [Date]
A18: ARC-012 | B18: VPC, CIDR, Subnet & AZ Design | C18: VPC Flow Logs & Network Visibility | D18: VPC Flow Logs are enabled for all VPCs/ENIs in the breakout path, centralised, retained per policy, and usable for path validation. | E18: Flow Log configuration export, log destination and retention settings | F18: 2.1.2 | H18: =IF(G18="","",IF(G18<=RED_MAX,"RED",IF(G18<=AMBER_MAX,"AMBER","GREEN"))) | I18: [Enter findings] | J18: [Enter recommendations] | K18: [Assign] | L18: [Date]
A19: Transit Gateway & Routing Controls (SOW 2.1.3)
A20: ARC-013 | B20: Transit Gateway & Routing Controls | C20: Transit Gateway Design | D20: TGW topology (single/multi-region, peering, RAM sharing), attachment types and ownership are documented and match the approved design. | E20: TGW configuration export, RAM shares, attachment inventory | F20: 2.1.3 | H20: =IF(G20="","",IF(G20<=RED_MAX,"RED",IF(G20<=AMBER_MAX,"AMBER","GREEN"))) | I20: [Enter findings] | J20: [Enter recommendations] | K20: [Assign] | L20: [Date]
A21: ARC-014 | B21: Transit Gateway & Routing Controls | C21: TGW Route Table Segmentation | D21: Separate TGW route tables exist for spoke, inspection, egress and on-premises domains with the intended associations. | E21: TGW route table and association export, segmentation matrix | F21: 2.1.3 | H21: =IF(G21="","",IF(G21<=RED_MAX,"RED",IF(G21<=AMBER_MAX,"AMBER","GREEN"))) | I21: [Enter findings] | J21: [Enter recommendations] | K21: [Assign] | L21: [Date]
A22: ARC-015 | B22: Transit Gateway & Routing Controls | C22: Route Propagation & Static Routes | D22: Propagation is limited to intended attachments, static routes steer the default route to inspection, and there is no unintended route leakage between domains. | E22: TGW route tables (propagated vs static), route leak analysis | F22: 2.1.3 | H22: =IF(G22="","",IF(G22<=RED_MAX,"RED",IF(G22<=AMBER_MAX,"AMBER","GREEN"))) | I22: [Enter findings] | J22: [Enter recommendations] | K22: [Assign] | L22: [Date]
A23: ARC-016 | B23: Transit Gateway & Routing Controls | C23: Default Route Control | D23: Default routes (0.0.0.0/0) exist only where explicitly required and no path to the internet bypasses inspection. | E23: VPC and TGW route table review, Reachability Analyzer tests | F23: 2.1.3 | H23: =IF(G23="","",IF(G23<=RED_MAX,"RED",IF(G23<=AMBER_MAX,"AMBER","GREEN"))) | I23: [Enter findings] | J23: [Enter recommendations] | K23: [Assign] | L23: [Date]
A24: ARC-017 | B24: Transit Gateway & Routing Controls | C24: VPC Route Table Design | D24: Route tables per subnet tier are correct (workload to TGW/GWLBe, firewall to NAT, NAT to IGW); no overlapping or unintended specific routes; blackhole routes are deliberate. | E24: Route table export per subnet tier, route table vs design comparison | F24: 2.1.3 | H24: =IF(G24="","",IF(G24<=RED_MAX,"RED",IF(G24<=AMBER_MAX,"AMBER","GREEN"))) | I24: [Enter findings] | J24: [Enter recommendations] | K24: [Assign] | L24: [Date]
A25: ARC-018 | B25: Transit Gateway & Routing Controls | C25: Appliance Mode Configuration | D25: Appliance mode is enabled on the inspection VPC TGW attachment so forward and return flows use the same AZ appliance. | E25: TGW attachment attributes, flow symmetry test | F25: 2.1.3 | H25: =IF(G25="","",IF(G25<=RED_MAX,"RED",IF(G25<=AMBER_MAX,"AMBER","GREEN"))) | I25: [Enter findings] | J25: [Enter recommendations] | K25: [Assign] | L25: [Date]
A26: ARC-019 | B26: Transit Gateway & Routing Controls | C26: Routing Change Guardrails | D26: IAM/SCP and Config controls prevent unauthorised route table, TGW or IGW changes; changes require approval and are audited. | E26: SCPs, IAM policies, AWS Config rules, CloudTrail sample | F26: 2.1.3 | H26: =IF(G26="","",IF(G26<=RED_MAX,"RED",IF(G26<=AMBER_MAX,"AMBER","GREEN"))) | I26: [Enter findings] | J26: [Enter recommendations] | K26: [Assign] | L26: [Date]
A27: ARC-020 | B27: Transit Gateway & Routing Controls | C27: TGW Quotas & Scalability | D27: Attachments, routes, bandwidth per attachment and flow limits are within quotas with documented headroom for growth. | E27: Service Quotas report, attachment/route counts, growth forecast | F27: 2.1.3 | H27: =IF(G27="","",IF(G27<=RED_MAX,"RED",IF(G27<=AMBER_MAX,"AMBER","GREEN"))) | I27: [Enter findings] | J27: [Enter recommendations] | K27: [Assign] | L27: [Date]
A28: ARC-021 | B28: Transit Gateway & Routing Controls | C28: Hybrid Routing (Direct Connect / VPN) | D28: On-premises connectivity via DX/VPN with TGW/DXGW is redundant; BGP advertisements are summarised and no unintended default route is leaked either way. | E28: BGP session and advertised/received prefix lists, DX/VPN topology | F28: 2.1.3 | H28: =IF(G28="","",IF(G28<=RED_MAX,"RED",IF(G28<=AMBER_MAX,"AMBER","GREEN"))) | I28: [Enter findings] | J28: [Enter recommendations] | K28: [Assign] | L28: [Date]
A29: DNS Architecture & Name Resolution (SOW 2.1.4)
A30: ARC-022 | B30: DNS Architecture & Name Resolution | C30: Route 53 Resolver Architecture | D30: Route 53 Resolver inbound/outbound endpoints and forwarding rules exist with ENIs in at least two AZs and adequate capacity. | E30: Resolver endpoint and rule configuration, ENI/AZ placement | F30: 2.1.4 | H30: =IF(G30="","",IF(G30<=RED_MAX,"RED",IF(G30<=AMBER_MAX,"AMBER","GREEN"))) | I30: [Enter findings] | J30: [Enter recommendations] | K30: [Assign] | L30: [Date]
A31: ARC-023 | B31: DNS Architecture & Name Resolution | C31: Private Hosted Zones & Split-Horizon | D31: Private hosted zones are associated with the correct VPCs (including cross-account) and split-horizon DNS is consistent between internal and external views. | E31: Hosted zone inventory, VPC associations, resolution tests | F31: 2.1.4 | H31: =IF(G31="","",IF(G31<=RED_MAX,"RED",IF(G31<=AMBER_MAX,"AMBER","GREEN"))) | I31: [Enter findings] | J31: [Enter recommendations] | K31: [Assign] | L31: [Date]
A32: ARC-024 | B32: DNS Architecture & Name Resolution | C32: Hybrid DNS Resolution | D32: On-premises to AWS name resolution works both ways with conditional forwarders, no forwarding loops, and resolver rules shared via RAM where needed. | E32: On-premises DNS forwarder config, resolver rule associations, dig/nslookup tests | F32: 2.1.4 | H32: =IF(G32="","",IF(G32<=RED_MAX,"RED",IF(G32<=AMBER_MAX,"AMBER","GREEN"))) | I32: [Enter findings] | J32: [Enter recommendations] | K32: [Assign] | L32: [Date]
A33: ARC-025 | B33: DNS Architecture & Name Resolution | C33: DNS Traffic Path & Egress Control | D33: DNS query paths are documented; direct outbound UDP/TCP 53 to the internet is blocked except approved resolvers; DNS Firewall or equivalent is used. | E33: Firewall rules for port 53, DNS Firewall rule groups, query logs | F33: 2.1.4 | H33: =IF(G33="","",IF(G33<=RED_MAX,"RED",IF(G33<=AMBER_MAX,"AMBER","GREEN"))) | I33: [Enter findings] | J33: [Enter recommendations] | K33: [Assign] | L33: [Date]
A34: ARC-026 | B34: DNS Architecture & Name Resolution | C34: DNS Resilience & Query Capacity | D34: DNS resolution has no single point of failure, per-ENI resolver query limits are not approached, and failure of a resolver endpoint does not impact resolution. | E34: Resolver query logs/metrics, endpoint failure test | F34: 2.1.4 | H34: =IF(G34="","",IF(G34<=RED_MAX,"RED",IF(G34<=AMBER_MAX,"AMBER","GREEN"))) | I34: [Enter findings] | J34: [Enter recommendations] | K34: [Assign] | L34: [Date]
A35: Internet Gateway & NAT Gateway Design (SOW 2.1.5)
A36: ARC-027 | B36: Internet Gateway & NAT Gateway Design | C36: Internet Gateway Placement | D36: IGWs are attached only to designated ingress/egress VPCs; no unintended IGW or public subnet exists in spoke VPCs. | E36: IGW inventory across accounts, Config rule, route tables with IGW targets | F36: 2.1.5 | H36: =IF(G36="","",IF(G36<=RED_MAX,"RED",IF(G36<=AMBER_MAX,"AMBER","GREEN"))) | I36: [Enter findings] | J36: [Enter recommendations] | K36: [Assign] | L36: [Date]
A37: ARC-028 | B37: Internet Gateway & NAT Gateway Design | C37: NAT Gateway Deployment Model | D37: NAT Gateways are deployed per AZ with AZ-local routing; public/private NAT type is appropriate; EIPs are correctly associated. | E37: NAT Gateway inventory, route tables per AZ | F37: 2.1.5 | H37: =IF(G37="","",IF(G37<=RED_MAX,"RED",IF(G37<=AMBER_MAX,"AMBER","GREEN"))) | I37: [Enter findings] | J37: [Enter recommendations] | K37: [Assign] | L37: [Date]
A38: ARC-029 | B38: Internet Gateway & NAT Gateway Design | C38: NAT Capacity & Port Allocation | D38: NAT Gateway bandwidth and per-destination connection limits meet peak demand; ErrorPortAllocation and packet-drop metrics are monitored with alarms. | E38: CloudWatch NAT metrics, peak connection analysis, alarm configuration | F38: 2.1.5 | H38: =IF(G38="","",IF(G38<=RED_MAX,"RED",IF(G38<=AMBER_MAX,"AMBER","GREEN"))) | I38: [Enter findings] | J38: [Enter recommendations] | K38: [Assign] | L38: [Date]
A39: ARC-030 | B39: Internet Gateway & NAT Gateway Design | C39: Elastic IP Management & Allow-Listing | D39: Egress EIPs are static, documented and allow-listed with third parties; EIP changes follow a controlled process including DR. | E39: EIP inventory, third-party allow-list register | F39: 2.1.5 | H39: =IF(G39="","",IF(G39<=RED_MAX,"RED",IF(G39<=AMBER_MAX,"AMBER","GREEN"))) | I39: [Enter findings] | J39: [Enter recommendations] | K39: [Assign] | L39: [Date]
A40: ARC-031 | B40: Internet Gateway & NAT Gateway Design | C40: IPv6 & Egress-Only IGW | D40: IPv6 strategy is defined; egress-only IGW is used where applicable and IPv6 traffic is inspected equivalently to IPv4. | E40: IPv6 CIDR inventory, egress-only IGW config, inspection policy for IPv6 | F40: 2.1.5 | H40: =IF(G40="","",IF(G40<=RED_MAX,"RED",IF(G40<=AMBER_MAX,"AMBER","GREEN"))) | I40: [Enter findings] | J40: [Enter recommendations] | K40: [Assign] | L40: [Date]
A41: ARC-032 | B41: Internet Gateway & NAT Gateway Design | C41: Public IP Exposure Controls | D41: No unintended public IPs/EIPs are assigned to workload resources; SCP/Config guardrails prevent them. | E41: Public IP inventory, Config conformance, SCPs | F41: 2.1.5 | H41: =IF(G41="","",IF(G41<=RED_MAX,"RED",IF(G41<=AMBER_MAX,"AMBER","GREEN"))) | I41: [Enter findings] | J41: [Enter recommendations] | K41: [Assign] | L41: [Date]
A42: Load Balancer Design (ALB / NLB / GWLB) (SOW 2.1.6)
A43: ARC-033 | B43: Load Balancer Design (ALB / NLB / GWLB) | C43: Application Load Balancer Design | D43: ALB placement, multi-AZ coverage, listeners, TLS policy, WAF association, security groups, access logs and deletion protection follow the design and best practice. | E43: ALB configuration export, listener/TLS policy review, WAF association | F43: 2.1.6 | H43: =IF(G43="","",IF(G43<=RED_MAX,"RED",IF(G43<=AMBER_MAX,"AMBER","GREEN"))) | I43: [Enter findings] | J43: [Enter recommendations] | K43: [Assign] | L43: [Date]
A44: ARC-034 | B44: Load Balancer Design (ALB / NLB / GWLB) | C44: Network Load Balancer Design | D44: NLB placement, cross-zone setting, client-IP preservation, TLS listeners, static IPs and target health are configured per design. | E44: NLB configuration export, target group and health settings | F44: 2.1.6 | H44: =IF(G44="","",IF(G44<=RED_MAX,"RED",IF(G44<=AMBER_MAX,"AMBER","GREEN"))) | I44: [Enter findings] | J44: [Enter recommendations] | K44: [Assign] | L44: [Date]
A45: ARC-035 | B45: Load Balancer Design (ALB / NLB / GWLB) | C45: Gateway Load Balancer Design | D45: GWLB is deployed in the inspection VPC with GWLB endpoints per AZ, correct target groups (GENEVE), stickiness, cross-zone and target-failover settings per design. | E45: GWLB and target group configuration, endpoint inventory, failover attributes | F45: 2.1.6 | H45: =IF(G45="","",IF(G45<=RED_MAX,"RED",IF(G45<=AMBER_MAX,"AMBER","GREEN"))) | I45: [Enter findings] | J45: [Enter recommendations] | K45: [Assign] | L45: [Date]
A46: ARC-036 | B46: Load Balancer Design (ALB / NLB / GWLB) | C46: GWLB Endpoint Service Sharing | D46: GWLB endpoint service permissions and acceptance are restricted to approved principals/accounts and follow change control. | E46: Endpoint service configuration, allowed principals, acceptance settings | F46: 2.1.6 | H46: =IF(G46="","",IF(G46<=RED_MAX,"RED",IF(G46<=AMBER_MAX,"AMBER","GREEN"))) | I46: [Enter findings] | J46: [Enter recommendations] | K46: [Assign] | L46: [Date]
A47: ARC-037 | B47: Load Balancer Design (ALB / NLB / GWLB) | C47: Health Checks & Timeouts | D47: Health check protocol, port, interval and thresholds and idle timeouts are aligned to failover objectives and appliance behaviour. | E47: Target group health check settings, appliance response tests | F47: 2.1.6 | H47: =IF(G47="","",IF(G47<=RED_MAX,"RED",IF(G47<=AMBER_MAX,"AMBER","GREEN"))) | I47: [Enter findings] | J47: [Enter recommendations] | K47: [Assign] | L47: [Date]
A48: ARC-038 | B48: Load Balancer Design (ALB / NLB / GWLB) | C48: Load Balancer Security & Logging | D48: Load balancers use secure TLS policies, restrictive SGs, access/flow logging to a central store, and deletion protection. | E48: Load balancer attributes, log destinations, security group rules | F48: 2.1.6 | H48: =IF(G48="","",IF(G48<=RED_MAX,"RED",IF(G48<=AMBER_MAX,"AMBER","GREEN"))) | I48: [Enter findings] | J48: [Enter recommendations] | K48: [Assign] | L48: [Date]
A49: Infrastructure as Code Review (SOW 2.1.7)
A50: ARC-039 | B50: Infrastructure as Code Review | C50: IaC Coverage | D50: All breakout resources (VPCs, TGW, routes, GWLB, NAT, endpoints, IAM) are defined in Terraform or CloudFormation; no unmanaged or click-ops resources. | E50: IaC repository inventory vs deployed resource inventory | F50: 2.1.7 | H50: =IF(G50="","",IF(G50<=RED_MAX,"RED",IF(G50<=AMBER_MAX,"AMBER","GREEN"))) | I50: [Enter findings] | J50: [Enter recommendations] | K50: [Assign] | L50: [Date]
A51: ARC-040 | B51: Infrastructure as Code Review | C51: Conformance to Approved Design | D51: Deployed configuration matches the approved design; terraform plan / CloudFormation drift detection shows no unapproved differences. | E51: terraform plan output, CFN drift results, design vs code comparison | F51: 2.1.7 | H51: =IF(G51="","",IF(G51<=RED_MAX,"RED",IF(G51<=AMBER_MAX,"AMBER","GREEN"))) | I51: [Enter findings] | J51: [Enter recommendations] | K51: [Assign] | L51: [Date]
A52: ARC-041 | B52: Infrastructure as Code Review | C52: IaC Code Quality & Security | D52: Modules are structured and version-pinned, static analysis (e.g., tfsec, checkov, cfn-nag) is used, no secrets in code, and changes are peer reviewed. | E52: Repository review, scan reports, pull request history | F52: 2.1.7 | H52: =IF(G52="","",IF(G52<=RED_MAX,"RED",IF(G52<=AMBER_MAX,"AMBER","GREEN"))) | I52: [Enter findings] | J52: [Enter recommendations] | K52: [Assign] | L52: [Date]
A53: ARC-042 | B53: Infrastructure as Code Review | C53: IaC Pipeline & State Management | D53: State is remote, encrypted and locked; CI/CD applies approvals and environment promotion; rollback of a change is possible. | E53: Pipeline configuration, state backend settings, deployment history | F53: 2.1.7 | H53: =IF(G53="","",IF(G53<=RED_MAX,"RED",IF(G53<=AMBER_MAX,"AMBER","GREEN"))) | I53: [Enter findings] | J53: [Enter recommendations] | K53: [Assign] | L53: [Date]
A54: ARC-043 | B54: Infrastructure as Code Review | C54: Change Control & Drift Detection | D54: Change management covers IaC changes and automated drift detection alerts on manual changes to breakout resources. | E54: Change records, drift detection config, alert samples | F54: 2.1.7 | H54: =IF(G54="","",IF(G54<=RED_MAX,"RED",IF(G54<=AMBER_MAX,"AMBER","GREEN"))) | I54: [Enter findings] | J54: [Enter recommendations] | K54: [Assign] | L54: [Date]

Sheet Traffic Flow Validation
A1: TRAFFIC FLOW VALIDATION
A2: SOW 2.2 | Inbound / Outbound / East-West | L3-L7 Paths | Routing Symmetry & Return Path | Service Insertion | Control Placement & Steering
A4: ID | B4: Category | C4: Assessment Item | D4: Description / Expected State | E4: Evidence / Validation Method | F4: SOW Ref | G4: Score (1-5) | H4: RAG Status | I4: Findings | J4: Recommendations | K4: Owner | L4: Target Date
A5: Inbound Flows (SOW 2.2.1)
A6: TRF-001 | B6: Inbound Flows | C6: Inbound Internet Path Documentation | D6: The inbound path (internet, edge services, load balancer, inspection, workload) is documented hop-by-hop and matches the deployed configuration. | E6: Flow diagrams, route tables, Reachability Analyzer, traceroute | F6: 2.2.1 | H6: =IF(G6="","",IF(G6<=RED_MAX,"RED",IF(G6<=AMBER_MAX,"AMBER","GREEN"))) | I6: [Enter findings] | J6: [Enter recommendations] | K6: [Assign] | L6: [Date]
A7: TRF-002 | B7: Inbound Flows | C7: Inbound Route Steering | D7: Ingress traffic is steered through inspection as designed (e.g., IGW edge route table to GWLB endpoints) with no bypass path to workloads. | E7: IGW edge association and route tables, test from external source | F7: 2.2.1 | H7: =IF(G7="","",IF(G7<=RED_MAX,"RED",IF(G7<=AMBER_MAX,"AMBER","GREEN"))) | I7: [Enter findings] | J7: [Enter recommendations] | K7: [Assign] | L7: [Date]
A8: TRF-003 | B8: Inbound Flows | C8: Public Exposure Inventory | D8: All internet-facing endpoints (EIPs, load balancer DNS names, API endpoints) are inventoried and each maps to an approved flow. | E8: Public IP/EIP/LB inventory, external attack-surface scan | F8: 2.2.1 | H8: =IF(G8="","",IF(G8<=RED_MAX,"RED",IF(G8<=AMBER_MAX,"AMBER","GREEN"))) | I8: [Enter findings] | J8: [Enter recommendations] | K8: [Assign] | L8: [Date]
A9: TRF-004 | B9: Inbound Flows | C9: Inbound Port & Rule Enforcement | D9: Only required ports/protocols are reachable from the internet; SG, NACL and firewall rules enforce this. | E9: Reachability Analyzer, authorised port scan, rule review | F9: 2.2.1 | H9: =IF(G9="","",IF(G9<=RED_MAX,"RED",IF(G9<=AMBER_MAX,"AMBER","GREEN"))) | I9: [Enter findings] | J9: [Enter recommendations] | K9: [Assign] | L9: [Date]
A10: TRF-005 | B10: Inbound Flows | C10: Client Source IP Preservation | D10: Client IP is preserved or recoverable (X-Forwarded-For, proxy protocol) through the load balancer and appliance chain for logging and ACLs. | E10: Sample packet/log analysis at each hop, LB attribute review | F10: 2.2.1 | H10: =IF(G10="","",IF(G10<=RED_MAX,"RED",IF(G10<=AMBER_MAX,"AMBER","GREEN"))) | I10: [Enter findings] | J10: [Enter recommendations] | K10: [Assign] | L10: [Date]
A11: Outbound Flows (SOW 2.2.1)
A12: TRF-006 | B12: Outbound Flows | C12: Outbound Internet Path Documentation | D12: The outbound path (workload, TGW, inspection, NAT, IGW) is documented and centralised vs distributed egress is consistent with the design. | E12: Flow diagrams, route tables, traceroute from workloads in each VPC | F12: 2.2.1 | H12: =IF(G12="","",IF(G12<=RED_MAX,"RED",IF(G12<=AMBER_MAX,"AMBER","GREEN"))) | I12: [Enter findings] | J12: [Enter recommendations] | K12: [Assign] | L12: [Date]
A13: TRF-007 | B13: Outbound Flows | C13: Egress Bypass Testing | D13: Tests confirm no workload VPC or subnet can reach the internet without inspection (direct IGW/NAT, other attachments, misconfigured routes). | E13: Egress test matrix from each spoke VPC/AZ, route analysis | F13: 2.2.1 | H13: =IF(G13="","",IF(G13<=RED_MAX,"RED",IF(G13<=AMBER_MAX,"AMBER","GREEN"))) | I13: [Enter findings] | J13: [Enter recommendations] | K13: [Assign] | L13: [Date]
A14: TRF-008 | B14: Outbound Flows | C14: Egress Filtering Effectiveness | D14: Egress policy is effective: approved destinations succeed and blocked categories/ports/domains fail as intended. | E14: Positive/negative egress tests, firewall logs | F14: 2.2.1 | H14: =IF(G14="","",IF(G14<=RED_MAX,"RED",IF(G14<=AMBER_MAX,"AMBER","GREEN"))) | I14: [Enter findings] | J14: [Enter recommendations] | K14: [Assign] | L14: [Date]
A15: TRF-009 | B15: Outbound Flows | C15: Outbound Protocol Coverage | D15: Non-HTTP(S) protocols (SSH, SMTP, NTP, DNS, ICMP, UDP) are handled by explicit policy with default deny. | E15: Protocol test matrix, firewall policy review | F15: 2.2.1 | H15: =IF(G15="","",IF(G15<=RED_MAX,"RED",IF(G15<=AMBER_MAX,"AMBER","GREEN"))) | I15: [Enter findings] | J15: [Enter recommendations] | K15: [Assign] | L15: [Date]
A16: TRF-010 | B16: Outbound Flows | C16: SNAT & Source Attribution | D16: External parties see the expected egress EIPs and internal source attribution remains available for logging after NAT. | E16: External echo test, NAT and flow log correlation | F16: 2.2.1 | H16: =IF(G16="","",IF(G16<=RED_MAX,"RED",IF(G16<=AMBER_MAX,"AMBER","GREEN"))) | I16: [Enter findings] | J16: [Enter recommendations] | K16: [Assign] | L16: [Date]
A17: East-West Flows (SOW 2.2.1)
A18: TRF-011 | B18: East-West Flows | C18: East-West Segmentation Policy | D18: Spoke-to-spoke traffic via TGW follows a documented segmentation matrix (production, non-production, shared services) and is enforced. | E18: Segmentation matrix, TGW route tables, connectivity tests | F18: 2.2.1 | H18: =IF(G18="","",IF(G18<=RED_MAX,"RED",IF(G18<=AMBER_MAX,"AMBER","GREEN"))) | I18: [Enter findings] | J18: [Enter recommendations] | K18: [Assign] | L18: [Date]
A19: TRF-012 | B19: East-West Flows | C19: Intra-VPC Cross-Subnet / Cross-AZ Flows | D19: East-west flows inside a VPC are controlled (SG/NACL or inspection insertion) as designed and cross-AZ paths are understood. | E19: SG/NACL review, flow logs, Reachability Analyzer | F19: 2.2.1 | H19: =IF(G19="","",IF(G19<=RED_MAX,"RED",IF(G19<=AMBER_MAX,"AMBER","GREEN"))) | I19: [Enter findings] | J19: [Enter recommendations] | K19: [Assign] | L19: [Date]
A20: TRF-013 | B20: East-West Flows | C20: East-West Inspection Coverage | D20: Which east-west flows are inspected vs bypass is documented; exceptions are risk-accepted. | E20: Inspection coverage matrix, exception register | F20: 2.2.1 | H20: =IF(G20="","",IF(G20<=RED_MAX,"RED",IF(G20<=AMBER_MAX,"AMBER","GREEN"))) | I20: [Enter findings] | J20: [Enter recommendations] | K20: [Assign] | L20: [Date]
A21: TRF-014 | B21: East-West Flows | C21: Shared Services Access Paths | D21: DNS, directory, patching, monitoring and management flows to shared services are validated and inspected as designed. | E21: Shared services flow list, connectivity tests | F21: 2.2.1 | H21: =IF(G21="","",IF(G21<=RED_MAX,"RED",IF(G21<=AMBER_MAX,"AMBER","GREEN"))) | I21: [Enter findings] | J21: [Enter recommendations] | K21: [Assign] | L21: [Date]
A22: Hybrid & AWS Service Flows (SOW 2.2.1)
A23: TRF-015 | B23: Hybrid & AWS Service Flows | C23: Hybrid Ingress / Egress Flows | D23: On-premises to AWS and AWS to on-premises flows traverse the expected inspection and routing path over DX/VPN. | E23: Path tests both directions, BGP/route review, firewall logs | F23: 2.2.1 | H23: =IF(G23="","",IF(G23<=RED_MAX,"RED",IF(G23<=AMBER_MAX,"AMBER","GREEN"))) | I23: [Enter findings] | J23: [Enter recommendations] | K23: [Assign] | L23: [Date]
A24: TRF-016 | B24: Hybrid & AWS Service Flows | C24: AWS Service Access Paths | D24: Access to S3, DynamoDB and other AWS services uses VPC endpoints or defined paths rather than unintended internet routes; endpoint policies are restrictive. | E24: Endpoint inventory, route review, endpoint policy review | F24: 2.2.1 | H24: =IF(G24="","",IF(G24<=RED_MAX,"RED",IF(G24<=AMBER_MAX,"AMBER","GREEN"))) | I24: [Enter findings] | J24: [Enter recommendations] | K24: [Assign] | L24: [Date]
A25: Layer 3 / Layer 7 Path Validation (SOW 2.2.2)
A26: TRF-017 | B26: Layer 3 / Layer 7 Path Validation | C26: L3/L4 Path Validation | D26: Reachability Analyzer and traceroute results for each defined flow match the expected hop sequence. | E26: Reachability Analyzer reports, traceroute/mtr captures | F26: 2.2.2 | H26: =IF(G26="","",IF(G26<=RED_MAX,"RED",IF(G26<=AMBER_MAX,"AMBER","GREEN"))) | I26: [Enter findings] | J26: [Enter recommendations] | K26: [Assign] | L26: [Date]
A27: TRF-018 | B27: Layer 3 / Layer 7 Path Validation | C27: L7 Path & Proxy Validation | D27: Explicit or transparent proxy handling of HTTP/S is validated including proxy chaining, PAC/WPAD distribution and authentication. | E27: Proxy configuration, client proxy settings, test requests | F27: 2.2.2 | H27: =IF(G27="","",IF(G27<=RED_MAX,"RED",IF(G27<=AMBER_MAX,"AMBER","GREEN"))) | I27: [Enter findings] | J27: [Enter recommendations] | K27: [Assign] | L27: [Date]
A28: TRF-019 | B28: Layer 3 / Layer 7 Path Validation | C28: TLS Inspection Path | D28: It is documented where TLS is terminated or decrypted, trust certificates are deployed, exclusions (pinned apps) are recorded and performance is acceptable. | E28: TLS inspection policy, CA distribution evidence, exclusion list | F28: 2.2.2 | H28: =IF(G28="","",IF(G28<=RED_MAX,"RED",IF(G28<=AMBER_MAX,"AMBER","GREEN"))) | I28: [Enter findings] | J28: [Enter recommendations] | K28: [Assign] | L28: [Date]
A29: TRF-020 | B29: Layer 3 / Layer 7 Path Validation | C29: Firewall Rule Path Dependencies | D29: Firewall policies match the intended flows; rule ordering is correct with no shadowed or any-any rules that undermine controls. | E29: Firewall rule base export, shadow/overly-permissive rule analysis | F29: 2.2.2 | H29: =IF(G29="","",IF(G29<=RED_MAX,"RED",IF(G29<=AMBER_MAX,"AMBER","GREEN"))) | I29: [Enter findings] | J29: [Enter recommendations] | K29: [Assign] | L29: [Date]
A30: TRF-021 | B30: Layer 3 / Layer 7 Path Validation | C30: Load Balancing Dependencies in Path | D30: For every flow, ALB/NLB/GWLB dependencies (health checks, targets, listener rules) are documented, with the failure impact of each. | E30: Dependency map, load balancer configuration, failure impact analysis | F30: 2.2.2 | H30: =IF(G30="","",IF(G30<=RED_MAX,"RED",IF(G30<=AMBER_MAX,"AMBER","GREEN"))) | I30: [Enter findings] | J30: [Enter recommendations] | K30: [Assign] | L30: [Date]
A31: Routing Symmetry & Return Paths (SOW 2.2.3)
A32: TRF-022 | B32: Routing Symmetry & Return Paths | C32: Return Path Design | D32: The return path for every flow is identified and passes through the same inspection appliance/AZ as the forward path. | E32: Return path diagrams, route tables for return direction | F32: 2.2.3 | H32: =IF(G32="","",IF(G32<=RED_MAX,"RED",IF(G32<=AMBER_MAX,"AMBER","GREEN"))) | I32: [Enter findings] | J32: [Enter recommendations] | K32: [Assign] | L32: [Date]
A33: TRF-023 | B33: Routing Symmetry & Return Paths | C33: Routing Symmetry Verification | D33: Packet captures or flow logs prove both directions traverse the same appliance; appliance mode is validated. | E33: Packet capture at appliance, VPC Flow Logs, appliance session logs | F33: 2.2.3 | H33: =IF(G33="","",IF(G33<=RED_MAX,"RED",IF(G33<=AMBER_MAX,"AMBER","GREEN"))) | I33: [Enter findings] | J33: [Enter recommendations] | K33: [Assign] | L33: [Date]
A34: TRF-024 | B34: Routing Symmetry & Return Paths | C34: Cross-AZ Symmetry Under Load Balancer Settings | D34: With AZ-local routing and cross-zone load balancing settings, flows remain symmetric across AZs including under failover. | E34: Cross-zone settings, multi-AZ flow tests, failover symmetry test | F34: 2.2.3 | H34: =IF(G34="","",IF(G34<=RED_MAX,"RED",IF(G34<=AMBER_MAX,"AMBER","GREEN"))) | I34: [Enter findings] | J34: [Enter recommendations] | K34: [Assign] | L34: [Date]
A35: Service Insertion & Inspection Flows (SOW 2.2.4)
A36: TRF-025 | B36: Service Insertion & Inspection Flows | C36: Service Insertion Architecture | D36: Inspection insertion points (ingress, egress, east-west) use GWLB endpoints per AZ and route tables reference them as designed. | E36: GWLBe inventory, route tables pointing to GWLBe | F36: 2.2.4 | H36: =IF(G36="","",IF(G36<=RED_MAX,"RED",IF(G36<=AMBER_MAX,"AMBER","GREEN"))) | I36: [Enter findings] | J36: [Enter recommendations] | K36: [Assign] | L36: [Date]
A37: TRF-026 | B37: Service Insertion & Inspection Flows | C37: Inspection Chain Ordering | D37: The order of chained services (e.g., firewall, IPS, proxy, WAF) and each hop's failure behaviour is documented and tested. | E37: Service chain diagram, per-hop failure behaviour tests | F37: 2.2.4 | H37: =IF(G37="","",IF(G37<=RED_MAX,"RED",IF(G37<=AMBER_MAX,"AMBER","GREEN"))) | I37: [Enter findings] | J37: [Enter recommendations] | K37: [Assign] | L37: [Date]
A38: TRF-027 | B38: Service Insertion & Inspection Flows | C38: Inspection Flow Visibility | D38: Appliance logs and flow logs prove each in-scope flow is inspected; no uninspected path exists. | E38: Appliance logs, flow logs, inspection coverage test | F38: 2.2.4 | H38: =IF(G38="","",IF(G38<=RED_MAX,"RED",IF(G38<=AMBER_MAX,"AMBER","GREEN"))) | I38: [Enter findings] | J38: [Enter recommendations] | K38: [Assign] | L38: [Date]
A39: Security Control Placement & Traffic Steering (SOW 2.2.5)
A40: TRF-028 | B40: Security Control Placement & Traffic Steering | C40: Security Control Placement | D40: Controls are placed at edge, inspection and workload layers per defence-in-depth with no reliance on a single layer. | E40: Control placement matrix, architecture review | F40: 2.2.5 | H40: =IF(G40="","",IF(G40<=RED_MAX,"RED",IF(G40<=AMBER_MAX,"AMBER","GREEN"))) | I40: [Enter findings] | J40: [Enter recommendations] | K40: [Assign] | L40: [Date]
A41: TRF-029 | B41: Security Control Placement & Traffic Steering | C41: Traffic Steering Mechanisms | D41: Route tables, TGW routes, GWLB endpoints and DNS steering are documented, deterministic and tested. | E41: Steering design, route configuration, path tests | F41: 2.2.5 | H41: =IF(G41="","",IF(G41<=RED_MAX,"RED",IF(G41<=AMBER_MAX,"AMBER","GREEN"))) | I41: [Enter findings] | J41: [Enter recommendations] | K41: [Assign] | L41: [Date]
A42: TRF-030 | B42: Security Control Placement & Traffic Steering | C42: Steering Change Audit | D42: Changes that alter traffic steering (routes, attachments, endpoints) are audited, alarmed and require approval. | E42: CloudTrail events, Config timeline, change tickets | F42: 2.2.5 | H42: =IF(G42="","",IF(G42<=RED_MAX,"RED",IF(G42<=AMBER_MAX,"AMBER","GREEN"))) | I42: [Enter findings] | J42: [Enter recommendations] | K42: [Assign] | L42: [Date]
A43: TRF-031 | B43: Security Control Placement & Traffic Steering | C43: Flow Validation Evidence & Gap Recording | D43: Every flow in the Flow Matrix is validated with evidence and gaps are recorded as findings. | E43: Flow Matrix tab, evidence repository, findings tracker cross-reference | F43: 2.2.5 | H43: =IF(G43="","",IF(G43<=RED_MAX,"RED",IF(G43<=AMBER_MAX,"AMBER","GREEN"))) | I43: [Enter findings] | J43: [Enter recommendations] | K43: [Assign] | L43: [Date]

Sheet Traffic Flow Matrix
A1: TRAFFIC FLOW VALIDATION MATRIX
A2: SOW 2.2 | Every flow validated for path, inspection point and return-path symmetry | Test each flow from every AZ and record evidence
A4: Flow ID | B4: Flow Type | C4: Flow Description | D4: Reference Pattern (AWS best practice - confirm vs FAB design) | E4: Actual Path per FAB Design | F4: Inspection Point(s) | G4: Protocols / Ports | H4: Return Path Symmetric? | I4: Validation Method | J4: Result | K4: Gap Identified / Finding Ref | L4: Linked Items | M4: Evidence Ref
A5: FLW-001 | B5: Inbound | C5: Internet client to public web application (ALB/NLB) | D5: Internet > IGW > [ingress inspection via GWLB endpoint] > ALB/NLB > target | E5: [Enter] | F5: [Enter] | G5: [Enter] | H5: Not Tested | I5: Reachability Analyzer from IGW; external test from each AZ endpoint; capture at appliance | J5: Not Tested | L5: TRF-001, TRF-002
A6: FLW-002 | B6: Inbound | C6: Internet client to application behind third-party WAF / IPS | D6: Internet > edge/WAF > inspection > load balancer > target | E6: [Enter] | F6: [Enter] | G6: [Enter] | H6: Not Tested | I6: External request tests; WAF and appliance log correlation; source-IP check | J6: Not Tested | L6: TRF-005, TPI-011
A7: FLW-003 | B7: Outbound | C7: Workload to internet via centralised egress | D7: Workload > TGW > inspection VPC (GWLB/appliance) > NAT Gateway > IGW > Internet | E7: [Enter] | F7: [Enter] | G7: [Enter] | H7: Not Tested | I7: Egress tests from each spoke VPC and AZ; traceroute; firewall and flow logs | J7: Not Tested | L7: TRF-006, TRF-007
A8: FLW-004 | B8: Outbound | C8: Workload HTTP/S via explicit or transparent proxy | D8: Workload > proxy (NLB/GWLB) > firewall > NAT > IGW | E8: [Enter] | F8: [Enter] | G8: [Enter] | H8: Not Tested | I8: Proxy configuration test; bypass attempt; proxy logs | J8: Not Tested | L8: TRF-018, TPI-015
A9: FLW-005 | B9: Outbound | C9: Workload to blocked destination (negative test) | D9: Workload > inspection > DROP | E9: [Enter] | F9: [Enter] | G9: [Enter] | H9: Not Tested | I9: Negative egress test; confirm block logged and no NAT session created | J9: Not Tested | L9: TRF-008
A10: FLW-006 | B10: DNS | C10: Workload DNS query resolution (internal and external) | D10: Workload > VPC resolver / Route 53 Resolver > forwarders/on-premises or public | E10: [Enter] | F10: [Enter] | G10: [Enter] | H10: Not Tested | I10: dig/nslookup from each VPC; resolver query logs; port 53 egress block test | J10: Not Tested | L10: ARC-022, TRF-009
A11: FLW-007 | B11: East-West | C11: Spoke VPC to spoke VPC via TGW | D11: Spoke A > TGW > [inspection VPC] > TGW > Spoke B | E11: [Enter] | F11: [Enter] | G11: [Enter] | H11: Not Tested | I11: Reachability Analyzer; flow logs both directions; segmentation matrix test | J11: Not Tested | L11: TRF-011, TRF-013
A12: FLW-008 | B12: East-West | C12: Cross-AZ flow within a VPC | D12: Subnet AZ-a > SG/NACL (or GWLBe) > Subnet AZ-b | E12: [Enter] | F12: [Enter] | G12: [Enter] | H12: Not Tested | I12: Flow logs; SG/NACL review; test with inspection endpoint if used | J12: Not Tested | L12: TRF-012
A13: FLW-009 | B13: East-West | C13: Workload to shared services (AD, patching, monitoring) | D13: Workload > TGW > shared services VPC | E13: [Enter] | F13: [Enter] | G13: [Enter] | H13: Not Tested | I13: Connectivity and port tests; inspection coverage check | J13: Not Tested | L13: TRF-014
A14: FLW-010 | B14: Hybrid | C14: AWS workload to on-premises | D14: Workload > TGW > DX/VPN attachment > on-premises firewall | E14: [Enter] | F14: [Enter] | G14: [Enter] | H14: Not Tested | I14: Path test both directions; BGP route check; firewall logs | J14: Not Tested | L14: TRF-015, ARC-021
A15: FLW-011 | B15: Hybrid | C15: On-premises to AWS workload | D15: On-premises > DX/VPN > TGW > [inspection] > Workload | E15: [Enter] | F15: [Enter] | G15: [Enter] | H15: Not Tested | I15: Path test; return-path symmetry check; segmentation validation | J15: Not Tested | L15: TRF-015
A16: FLW-012 | B16: AWS Service | C16: Workload to S3/DynamoDB via VPC endpoint | D16: Workload > gateway/interface endpoint > AWS service | E16: [Enter] | F16: [Enter] | G16: [Enter] | H16: Not Tested | I16: Route table check; endpoint policy test; confirm traffic not using NAT | J16: Not Tested | L16: TRF-016
... A20: FLW-016 | B20: Failover | C20: Flow behaviour after appliance/AZ failover | D20: Flow re-established via surviving AZ appliance without asymmetry | E20: [Enter] | F20: [Enter] | G20: [Enter] | H20: Not Tested | I20: Execute UAT-001/UAT-002; observe session and path | J20: Not Tested | L20: HAR-008, HAR-017
A21: FLW-017
A22: FLW-018
A23: FLW-019
A24: FLW-020
A25: FLW-021
A26: FLW-022
A27: FLW-023
A28: FLW-024

Sheet HA & Resilience
A1: HIGH AVAILABILITY & RESILIENCE REVIEW
A2: SOW 2.3 | Multi-AZ | AZ / NVA / GWLB Target Failure | Route Convergence & Stateful Sessions | Asymmetric Routing | UAT Failover Scenarios
A4: ID | B4: Category | C4: Assessment Item | D4: Description / Expected State | E4: Evidence / Validation Method | F4: SOW Ref | G4: Score (1-5) | H4: RAG Status | I4: Findings | J4: Recommendations | K4: Owner | L4: Target Date
A5: Multi-AZ Architecture & Fault Tolerance (SOW 2.3.1)
A6: HAR-001 | B6: Multi-AZ Architecture & Fault Tolerance | C6: Multi-AZ Deployment | D6: All breakout components (NAT, GWLB endpoints, appliances, TGW attachment subnets, resolver endpoints) span the number of AZs required by FAB. | E6: Component-to-AZ placement matrix, subnet/ENI inventory | F6: 2.3.1 | H6: =IF(G6="","",IF(G6<=RED_MAX,"RED",IF(G6<=AMBER_MAX,"AMBER","GREEN"))) | I6: [Enter findings] | J6: [Enter recommendations] | K6: [Assign] | L6: [Date]
A7: HAR-002 | B7: Multi-AZ Architecture & Fault Tolerance | C7: AZ-Independent Routing | D7: AZ-local (zonal) routing avoids cross-AZ dependency so an AZ failure does not impair other AZs. | E7: Route tables per AZ, cross-AZ path analysis | F7: 2.3.1 | H7: =IF(G7="","",IF(G7<=RED_MAX,"RED",IF(G7<=AMBER_MAX,"AMBER","GREEN"))) | I7: [Enter findings] | J7: [Enter recommendations] | K7: [Assign] | L7: [Date]
A8: HAR-003 | B8: Multi-AZ Architecture & Fault Tolerance | C8: Capacity for N-1 AZ | D8: Surviving AZs can carry full peak load (throughput, connections, licences) after loss of one AZ. | E8: Capacity model, load test results, licence limits | F8: 2.3.1 | H8: =IF(G8="","",IF(G8<=RED_MAX,"RED",IF(G8<=AMBER_MAX,"AMBER","GREEN"))) | I8: [Enter findings] | J8: [Enter recommendations] | K8: [Assign] | L8: [Date]
A9: HAR-004 | B9: Multi-AZ Architecture & Fault Tolerance | C9: Single Points of Failure Analysis | D9: A documented SPOF analysis covers all components and dependencies (EIPs, DNS, config sync, management plane, identity) with mitigations. | E9: SPOF analysis document, dependency map | F9: 2.3.1 | H9: =IF(G9="","",IF(G9<=RED_MAX,"RED",IF(G9<=AMBER_MAX,"AMBER","GREEN"))) | I9: [Enter findings] | J9: [Enter recommendations] | K9: [Assign] | L9: [Date]
A10: HAR-005 | B10: Multi-AZ Architecture & Fault Tolerance | C10: Auto Scaling & Self-Healing | D10: Appliance fleets use Auto Scaling with health checks, automatic replacement, lifecycle hooks and warm capacity as needed. | E10: ASG configuration, lifecycle hooks, replacement test | F10: 2.3.1 | H10: =IF(G10="","",IF(G10<=RED_MAX,"RED",IF(G10<=AMBER_MAX,"AMBER","GREEN"))) | I10: [Enter findings] | J10: [Enter recommendations] | K10: [Assign] | L10: [Date]
A11: HAR-006 | B11: Multi-AZ Architecture & Fault Tolerance | C11: Regional Dependencies & Quotas | D11: Regional/control-plane dependencies and service quota headroom are understood; a cross-Region DR position is defined if required. | E11: Service Quotas, dependency analysis, DR strategy document | F11: 2.3.1 | H11: =IF(G11="","",IF(G11<=RED_MAX,"RED",IF(G11<=AMBER_MAX,"AMBER","GREEN"))) | I11: [Enter findings] | J11: [Enter recommendations] | K11: [Assign] | L11: [Date]
A12: Failure Scenarios (AZ, NVA, GWLB Target) (SOW 2.3.2)
A13: HAR-007 | B13: Failure Scenarios (AZ, NVA, GWLB Target) | C13: AZ Failure Scenario | D13: Behaviour for a full AZ loss is analysed and documented for ingress, egress and east-west paths. | E13: Failure mode analysis, architecture walkthrough, UAT scenario | F13: 2.3.2 | H13: =IF(G13="","",IF(G13<=RED_MAX,"RED",IF(G13<=AMBER_MAX,"AMBER","GREEN"))) | I13: [Enter findings] | J13: [Enter recommendations] | K13: [Assign] | L13: [Date]
A14: HAR-008 | B14: Failure Scenarios (AZ, NVA, GWLB Target) | C14: NVA / Appliance Instance Failure | D14: Single appliance failure detection time, flow re-hashing and session impact are understood and within objectives. | E14: Health check settings, failure test results | F14: 2.3.2 | H14: =IF(G14="","",IF(G14<=RED_MAX,"RED",IF(G14<=AMBER_MAX,"AMBER","GREEN"))) | I14: [Enter findings] | J14: [Enter recommendations] | K14: [Assign] | L14: [Date]
A15: HAR-009 | B15: Failure Scenarios (AZ, NVA, GWLB Target) | C15: GWLB Target Failure Handling | D15: Target health detection, target failover (rebalance) and deregistration behaviour for existing flows are configured and tested. | E15: Target group attributes, failover test with active flows | F15: 2.3.2 | H15: =IF(G15="","",IF(G15<=RED_MAX,"RED",IF(G15<=AMBER_MAX,"AMBER","GREEN"))) | I15: [Enter findings] | J15: [Enter recommendations] | K15: [Assign] | L15: [Date]
A16: HAR-010 | B16: Failure Scenarios (AZ, NVA, GWLB Target) | C16: GWLB Endpoint / AZ Endpoint Loss | D16: Behaviour when a GWLB endpoint or its AZ subnet is unavailable is defined; routes in other AZs remain valid. | E16: Route analysis, endpoint failure test | F16: 2.3.2 | H16: =IF(G16="","",IF(G16<=RED_MAX,"RED",IF(G16<=AMBER_MAX,"AMBER","GREEN"))) | I16: [Enter findings] | J16: [Enter recommendations] | K16: [Assign] | L16: [Date]
A17: HAR-011 | B17: Failure Scenarios (AZ, NVA, GWLB Target) | C17: NAT Gateway Failure | D17: Zonal NAT Gateway failure recovery is defined (route failover automation or per-AZ isolation) and tested. | E17: NAT failure test, route failover automation review | F17: 2.3.2 | H17: =IF(G17="","",IF(G17<=RED_MAX,"RED",IF(G17<=AMBER_MAX,"AMBER","GREEN"))) | I17: [Enter findings] | J17: [Enter recommendations] | K17: [Assign] | L17: [Date]
A18: HAR-012 | B18: Failure Scenarios (AZ, NVA, GWLB Target) | C18: TGW Attachment / Inspection VPC Failure | D18: Impact of loss of the inspection VPC or its TGW attachment is defined, including fail-open/closed outcome. | E18: Failure analysis, controlled attachment test in non-production | F18: 2.3.2 | H18: =IF(G18="","",IF(G18<=RED_MAX,"RED",IF(G18<=AMBER_MAX,"AMBER","GREEN"))) | I18: [Enter findings] | J18: [Enter recommendations] | K18: [Assign] | L18: [Date]
A19: HAR-013 | B19: Failure Scenarios (AZ, NVA, GWLB Target) | C19: Dependency Failure Behaviour | D19: Appliance behaviour is known when licence, management, threat-feed or directory servers are unreachable. | E19: Vendor documentation, dependency failure test | F19: 2.3.2 | H19: =IF(G19="","",IF(G19<=RED_MAX,"RED",IF(G19<=AMBER_MAX,"AMBER","GREEN"))) | I19: [Enter findings] | J19: [Enter recommendations] | K19: [Assign] | L19: [Date]
A20: HAR-014 | B20: Failure Scenarios (AZ, NVA, GWLB Target) | C20: Fail-Open vs Fail-Closed Definition | D20: Fail-open or fail-closed behaviour is defined per component, risk-accepted by FAB, and verified. | E20: Risk acceptance records, behaviour tests | F20: 2.3.2 | H20: =IF(G20="","",IF(G20<=RED_MAX,"RED",IF(G20<=AMBER_MAX,"AMBER","GREEN"))) | I20: [Enter findings] | J20: [Enter recommendations] | K20: [Assign] | L20: [Date]
A21: Route Convergence, Recovery & Stateful Sessions (SOW 2.3.3)
A22: HAR-015 | B22: Route Convergence, Recovery & Stateful Sessions | C22: Route Convergence Time | D22: Measured convergence for VPC/TGW route changes and BGP (DX/VPN) failover meets the objective. | E22: Convergence measurements, BGP timers, synthetic probe results | F22: 2.3.3 | H22: =IF(G22="","",IF(G22<=RED_MAX,"RED",IF(G22<=AMBER_MAX,"AMBER","GREEN"))) | I22: [Enter findings] | J22: [Enter recommendations] | K22: [Assign] | L22: [Date]
A23: HAR-016 | B23: Route Convergence, Recovery & Stateful Sessions | C23: Recovery Behaviour & Failback | D23: Automatic recovery and failback are defined; no route flapping; hysteresis prevents oscillation. | E23: Failback test results, route change logs | F23: 2.3.3 | H23: =IF(G23="","",IF(G23<=RED_MAX,"RED",IF(G23<=AMBER_MAX,"AMBER","GREEN"))) | I23: [Enter findings] | J23: [Enter recommendations] | K23: [Assign] | L23: [Date]
A24: HAR-017 | B24: Route Convergence, Recovery & Stateful Sessions | C24: Stateful Session Impact | D24: Impact of failover on established TCP, UDP and long-lived sessions (database, SSH, VPN, streaming) is measured and accepted. | E24: Session survival tests, appliance state-sync configuration | F24: 2.3.3 | H24: =IF(G24="","",IF(G24<=RED_MAX,"RED",IF(G24<=AMBER_MAX,"AMBER","GREEN"))) | I24: [Enter findings] | J24: [Enter recommendations] | K24: [Assign] | L24: [Date]
A25: HAR-018 | B25: Route Convergence, Recovery & Stateful Sessions | C25: Flow Idle Timeout Alignment | D25: Idle timeouts across GWLB, NAT, firewall, load balancers and clients are aligned so flows are not silently dropped. | E25: Timeout inventory per component, long-idle flow test | F25: 2.3.3 | H25: =IF(G25="","",IF(G25<=RED_MAX,"RED",IF(G25<=AMBER_MAX,"AMBER","GREEN"))) | I25: [Enter findings] | J25: [Enter recommendations] | K25: [Assign] | L25: [Date]
A26: HAR-019 | B26: Route Convergence, Recovery & Stateful Sessions | C26: Health Check Tuning | D26: Health check intervals and thresholds balance detection speed against flapping and meet RTO. | E26: Health check settings, flap analysis, measured detection time | F26: 2.3.3 | H26: =IF(G26="","",IF(G26<=RED_MAX,"RED",IF(G26<=AMBER_MAX,"AMBER","GREEN"))) | I26: [Enter findings] | J26: [Enter recommendations] | K26: [Assign] | L26: [Date]
A27: Asymmetric Routing Risks (SOW 2.3.4)
A28: HAR-020 | B28: Asymmetric Routing Risks | C28: Asymmetric Routing Risk Analysis | D28: Scenarios that create asymmetry (AZ failover, cross-zone LB, appliance mode off, multiple egress paths) are identified and analysed. | E28: Risk analysis document, path diagrams per scenario | F28: 2.3.4 | H28: =IF(G28="","",IF(G28<=RED_MAX,"RED",IF(G28<=AMBER_MAX,"AMBER","GREEN"))) | I28: [Enter findings] | J28: [Enter recommendations] | K28: [Assign] | L28: [Date]
A29: HAR-021 | B29: Asymmetric Routing Risks | C29: Appliance Mode & Zonal Consistency Under Failover | D29: Appliance mode is enabled and flow-to-appliance consistency holds during failover. | E29: TGW attachment attributes, failover flow tests | F29: 2.3.4 | H29: =IF(G29="","",IF(G29<=RED_MAX,"RED",IF(G29<=AMBER_MAX,"AMBER","GREEN"))) | I29: [Enter findings] | J29: [Enter recommendations] | K29: [Assign] | L29: [Date]
A30: HAR-022 | B30: Asymmetric Routing Risks | C30: Asymmetry Detection & Alerting | D30: Monitoring detects asymmetric or invalid-state flows (e.g., dropped invalid state logs) and alerts operators. | E30: Firewall/appliance drop logs, alarm configuration | F30: 2.3.4 | H30: =IF(G30="","",IF(G30<=RED_MAX,"RED",IF(G30<=AMBER_MAX,"AMBER","GREEN"))) | I30: [Enter findings] | J30: [Enter recommendations] | K30: [Assign] | L30: [Date]
A31: HAR-023 | B31: Asymmetric Routing Risks | C31: Multi-Path & Hybrid Asymmetry Control | D31: With DX plus VPN, multiple TGWs or on-premises firewall pairs, return path is controlled (BGP attributes, route priorities). | E31: BGP policy, route preference configuration, hybrid path tests | F31: 2.3.4 | H31: =IF(G31="","",IF(G31<=RED_MAX,"RED",IF(G31<=AMBER_MAX,"AMBER","GREEN"))) | I31: [Enter findings] | J31: [Enter recommendations] | K31: [Assign] | L31: [Date]
A32: Failover Scenarios & UAT Definition (SOW 2.3.5)
A33: HAR-024 | B33: Failover Scenarios & UAT Definition | C33: Failover Scenario Catalogue | D33: A complete catalogue of failover scenarios with expected results exists (see UAT Failover Scenarios tab). | E33: UAT Failover Scenarios tab, FAB review record | F33: 2.3.5 | H33: =IF(G33="","",IF(G33<=RED_MAX,"RED",IF(G33<=AMBER_MAX,"AMBER","GREEN"))) | I33: [Enter findings] | J33: [Enter recommendations] | K33: [Assign] | L33: [Date]
A34: HAR-025 | B34: Failover Scenarios & UAT Definition | C34: UAT Test Plan & Success Criteria | D34: Measurable pass/fail criteria (RTO, packet loss, session survival) are agreed with FAB for every scenario. | E34: UAT test plan, signed success criteria | F34: 2.3.5 | H34: =IF(G34="","",IF(G34<=RED_MAX,"RED",IF(G34<=AMBER_MAX,"AMBER","GREEN"))) | I34: [Enter findings] | J34: [Enter recommendations] | K34: [Assign] | L34: [Date]
A35: HAR-026 | B35: Failover Scenarios & UAT Definition | C35: Fault Injection Tooling & Safety | D35: Fault injection (e.g., AWS FIS or controlled manual actions), traffic generation, monitoring and rollback are prepared with a change window. | E35: Test tooling documentation, FIS experiment templates, rollback plan | F35: 2.3.5 | H35: =IF(G35="","",IF(G35<=RED_MAX,"RED",IF(G35<=AMBER_MAX,"AMBER","GREEN"))) | I35: [Enter findings] | J35: [Enter recommendations] | K35: [Assign] | L35: [Date]
A36: HAR-027 | B36: Failover Scenarios & UAT Definition | C36: Operational Runbooks for Failure Modes | D36: Runbooks exist for each failure mode with escalation paths and have been exercised. | E36: Runbook inventory, exercise records | F36: 2.3.5 | H36: =IF(G36="","",IF(G36<=RED_MAX,"RED",IF(G36<=AMBER_MAX,"AMBER","GREEN"))) | I36: [Enter findings] | J36: [Enter recommendations] | K36: [Assign] | L36: [Date]
A37: HAR-028 | B37: Failover Scenarios & UAT Definition | C37: Resilience Monitoring & Alerting | D37: CloudWatch alarms and dashboards cover unhealthy targets, NAT port allocation, TGW/GWLB metrics and appliance health with notification routing. | E37: Alarm inventory, dashboards, notification test | F37: 2.3.5 | H37: =IF(G37="","",IF(G37<=RED_MAX,"RED",IF(G37<=AMBER_MAX,"AMBER","GREEN"))) | I37: [Enter findings] | J37: [Enter recommendations] | K37: [Assign] | L37: [Date]
A38: HAR-029 | B38: Failover Scenarios & UAT Definition | C38: Configuration Backup & Recovery | D38: Appliance configuration, AMIs/golden images, IaC and licences can restore a failed component quickly; recovery is tested. | E38: Backup evidence, redeploy test, licence recovery procedure | F38: 2.3.5 | H38: =IF(G38="","",IF(G38<=RED_MAX,"RED",IF(G38<=AMBER_MAX,"AMBER","GREEN"))) | I38: [Enter findings] | J38: [Enter recommendations] | K38: [Assign] | L38: [Date]

Sheet UAT Failover Scenarios
A1: UAT FAILOVER SCENARIOS
A2: SOW 2.3.5 | Practical failover scenarios and expected results for UAT | Enter FAB-agreed target recovery times; results feed the dashboard
A4: Scenario ID | B4: Failover Scenario | C4: Failure Injection / Test Method | D4: Expected Behaviour | E4: Success Criteria (FAB to confirm targets) | F4: Related Items | G4: Target Recovery (sec) | H4: Measured Recovery (sec) | I4: Within Target? | J4: Result | K4: Planned Date | L4: Executed Date | M4: Evidence Ref | N4: Notes
A5: UAT-001 | B5: Single appliance failure | C5: Stop or terminate one appliance instance in one AZ under steady traffic (controlled). | D5: GWLB health check marks target unhealthy; new flows go to healthy targets; existing flows behave per configured target-failover; alarms fire. | E5: Detection and recovery within FAB-agreed target; session impact per accepted behaviour; alarms and runbook triggered. | F5: HAR-008, HAR-009 | I5: =IF(OR(G5="",H5=""),"",IF(H5<=G5,"Within","Exceeded")) | J5: Not Tested | K5: [Date]
A6: UAT-002 | B6: All appliances in one AZ fail | C6: Stop all appliance instances in one AZ. | D6: Traffic for that AZ fails over per design (or is contained); no impact on other AZs; documented fail-open/closed outcome. | E6: Detection and recovery within FAB-agreed target; session impact per accepted behaviour; alarms and runbook triggered. | F6: HAR-007, HAR-008 | I6: =IF(OR(G6="",H6=""),"",IF(H6<=G6,"Within","Exceeded")) | J6: Not Tested | K6: [Date]
A7: UAT-003 | B7: Full AZ impairment | C7: Simulate AZ loss (AWS FIS AZ scenario or NACL isolation of AZ subnets) in non-production. | D7: Surviving AZs carry the load; ingress, egress and east-west remain within agreed objectives. | E7: Detection and recovery within FAB-agreed target; session impact per accepted behaviour; alarms and runbook triggered. | F7: HAR-007, HAR-003 | I7: =IF(OR(G7="",H7=""),"",IF(H7<=G7,"Within","Exceeded")) | J7: Not Tested | K7: [Date]
A8: UAT-004 | B8: GWLB target health-check failure | C8: Stop the inspection process on an appliance while the instance remains running. | D8: Target becomes unhealthy within the configured detection time; flows redistributed; no black-holing. | E8: Detection and recovery within FAB-agreed target; session impact per accepted behaviour; alarms and runbook triggered. | F8: HAR-009, HAR-019 | I8: =IF(OR(G8="",H8=""),"",IF(H8<=G8,"Within","Exceeded")) | J8: Not Tested | K8: [Date]
A9: UAT-005 | B9: GWLB endpoint unavailable | C9: Blackhole the route to a GWLB endpoint or disable the endpoint subnet path. | D9: Behaviour matches design (fail-closed or automated route failover); alarm and runbook trigger. | E9: Detection and recovery within FAB-agreed target; session impact per accepted behaviour; alarms and runbook triggered. | F9: HAR-010 | I9: =IF(OR(G9="",H9=""),"",IF(H9<=G9,"Within","Exceeded")) | J9: Not Tested | K9: [Date]
A10: UAT-006 | B10: NAT Gateway failure in one AZ | C10: Remove or isolate one NAT Gateway (route failover test). | D10: Zonal failure contained or failed over per design; recovery within objective. | E10: Detection and recovery within FAB-agreed target; session impact per accepted behaviour; alarms and runbook triggered. | F10: HAR-011 | I10: =IF(OR(G10="",H10=""),"",IF(H10<=G10,"Within","Exceeded")) | J10: Not Tested | K10: [Date]
A11: UAT-007 | B11: Inspection VPC / TGW attachment failure | C11: Detach or simulate failure of inspection attachment in non-production. | D11: Fail-open/closed outcome matches the approved risk acceptance; recovery procedure works. | E11: Detection and recovery within FAB-agreed target; session impact per accepted behaviour; alarms and runbook triggered. | F11: HAR-012, HAR-014 | I11: =IF(OR(G11="",H11=""),"",IF(H11<=G11,"Within","Exceeded")) | J11: Not Tested | K11: [Date]
A12: UAT-008 | B12: TGW route change convergence | C12: Apply a planned TGW/VPC route change and measure convergence. | D12: Convergence within objective; no unintended black-hole; rollback works. | E12: Detection and recovery within FAB-agreed target; session impact per accepted behaviour; alarms and runbook triggered. | F12: HAR-015, MIG-018 | I12: =IF(OR(G12="",H12=""),"",IF(H12<=G12,"Within","Exceeded")) | J12: Not Tested | K12: [Date]
A13: UAT-009 | B13: Direct Connect / VPN failure and failback | C13: Fail primary DX/VPN path and restore. | D13: BGP converges within objective; no asymmetry; failback controlled without flapping. | E13: Detection and recovery within FAB-agreed target; session impact per accepted behaviour; alarms and runbook triggered. | F13: HAR-015, HAR-016, HAR-023 | I13: =IF(OR(G13="",H13=""),"",IF(H13<=G13,"Within","Exceeded")) | J13: Not Tested | K13: [Date]
A14: UAT-010 | B14: Asymmetric routing detection | C14: Induce asymmetry in a controlled test (e.g., appliance mode off) in non-production. | D14: Impact is understood and detection/alerting identifies invalid-state drops. | E14: Detection and recovery within FAB-agreed target; session impact per accepted behaviour; alarms and runbook triggered. | F14: HAR-020, HAR-022 | I14: =IF(OR(G14="",H14=""),"",IF(H14<=G14,"Within","Exceeded")) | J14: Not Tested | K14: [Date]
A15: UAT-011 | B15: Appliance scale-out / scale-in | C15: Trigger Auto Scaling scale-out and scale-in with active flows. | D15: New targets register/healthy before receiving flows; scale-in drains without unexpected resets. | E15: Detection and recovery within FAB-agreed target; session impact per accepted behaviour; alarms and runbook triggered. | F15: HAR-005 | I15: =IF(OR(G15="",H15=""),"",IF(H15<=G15,"Within","Exceeded")) | J15: Not Tested | K15: [Date]
A16: UAT-012 | B16: Long-lived session survival | C16: Run long-lived sessions (SSH, database, streaming) during appliance failover. | D16: Session impact measured and matches accepted behaviour. | E16: Detection and recovery within FAB-agreed target; session impact per accepted behaviour; alarms and runbook triggered. | F16: HAR-017, HAR-018 | I16: =IF(OR(G16="",H16=""),"",IF(H16<=G16,"Within","Exceeded")) | J16: Not Tested | K16: [Date]
... A20: UAT-016 | B20: Rollback of route changes | C20: Execute rollback runbook in pre-production against a cutover simulation. | D20: Rollback completes within the change window and restoration criteria are met. | E20: Detection and recovery within FAB-agreed target; session impact per accepted behaviour; alarms and runbook triggered. | F20: MIG-009, MIG-013 | I20: =IF(OR(G20="",H20=""),"",IF(H20<=G20,"Within","Exceeded")) | J20: Not Tested | K20: [Date]
A21: UAT-017 | I21: =IF(OR(G21="",H21=""),"",IF(H21<=G21,"Within","Exceeded"))
A22: UAT-018 | I22: =IF(OR(G22="",H22=""),"",IF(H22<=G22,"Within","Exceeded"))
A23: UAT-019 | I23: =IF(OR(G23="",H23=""),"",IF(H23<=G23,"Within","Exceeded"))
A24: UAT-020 | I24: =IF(OR(G24="",H24=""),"",IF(H24<=G24,"Within","Exceeded"))
A25: UAT-021 | I25: =IF(OR(G25="",H25=""),"",IF(H25<=G25,"Within","Exceeded"))
A26: UAT-022 | I26: =IF(OR(G26="",H26=""),"",IF(H26<=G26,"Within","Exceeded"))

Sheet Third-Party Integration
A1: THIRD-PARTY INTEGRATION REVIEW
A2: SOW 2.4 | NVAs & Firewalls | IPS/IDS & WAF | Proxy & Inspection Services | GENEVE, Health Checks, Routing, Return Paths, Inspection Chain
A4: ID | B4: Category | C4: Assessment Item | D4: Description / Expected State | E4: Evidence / Validation Method | F4: SOW Ref | G4: Score (1-5) | H4: RAG Status | I4: Findings | J4: Recommendations | K4: Owner | L4: Target Date
A5: Network Virtual Appliances & Firewalls (SOW 2.4.1)
A6: TPI-001 | B6: Network Virtual Appliances & Firewalls | C6: NVA Inventory, Versions & Support | D6: All NVAs and firewalls are inventoried with vendor, model, version, licensing, support status and patch level. | E6: NVA inventory, vendor support portal status | F6: 2.4.1 | H6: =IF(G6="","",IF(G6<=RED_MAX,"RED",IF(G6<=AMBER_MAX,"AMBER","GREEN"))) | I6: [Enter findings] | J6: [Enter recommendations] | K6: [Assign] | L6: [Date]
A7: TPI-002 | B7: Network Virtual Appliances & Firewalls | C7: NVA Sizing & Throughput | D7: Instance types, ENA/network bandwidth, packets-per-second and licensed throughput meet peak demand including N-1 capacity. | E7: Sizing calculation, vendor performance guide, load test | F7: 2.4.1 | H7: =IF(G7="","",IF(G7<=RED_MAX,"RED",IF(G7<=AMBER_MAX,"AMBER","GREEN"))) | I7: [Enter findings] | J7: [Enter recommendations] | K7: [Assign] | L7: [Date]
A8: TPI-003 | B8: Network Virtual Appliances & Firewalls | C8: NVA Deployment Model | D8: Deployment model (GWLB/GENEVE vs route-based; active-active vs active-standby) matches the approved design and vendor guidance. | E8: Vendor deployment guide, appliance configuration | F8: 2.4.1 | H8: =IF(G8="","",IF(G8<=RED_MAX,"RED",IF(G8<=AMBER_MAX,"AMBER","GREEN"))) | I8: [Enter findings] | J8: [Enter recommendations] | K8: [Assign] | L8: [Date]
A9: TPI-004 | B9: Network Virtual Appliances & Firewalls | C9: NVA High Availability & State Sync | D9: HA mode, configuration synchronisation and session synchronisation behave as documented and are tested. | E9: HA configuration, failover test evidence | F9: 2.4.1 | H9: =IF(G9="","",IF(G9<=RED_MAX,"RED",IF(G9<=AMBER_MAX,"AMBER","GREEN"))) | I9: [Enter findings] | J9: [Enter recommendations] | K9: [Assign] | L9: [Date]
A10: TPI-005 | B10: Network Virtual Appliances & Firewalls | C10: NVA Interface & ENI Design | D10: Data and management interfaces, source/destination check settings, subnet placement and security groups follow design and vendor requirements. | E10: ENI/interface inventory, SG rules, appliance interface config | F10: 2.4.1 | H10: =IF(G10="","",IF(G10<=RED_MAX,"RED",IF(G10<=AMBER_MAX,"AMBER","GREEN"))) | I10: [Enter findings] | J10: [Enter recommendations] | K10: [Assign] | L10: [Date]
A11: TPI-006 | B11: Network Virtual Appliances & Firewalls | C11: Firewall Policy Management | D11: Central policy management, rule lifecycle, change control, periodic rule review and logging are in place. | E11: Management platform config, rule review records, change tickets | F11: 2.4.1 | H11: =IF(G11="","",IF(G11<=RED_MAX,"RED",IF(G11<=AMBER_MAX,"AMBER","GREEN"))) | I11: [Enter findings] | J11: [Enter recommendations] | K11: [Assign] | L11: [Date]
A12: TPI-007 | B12: Network Virtual Appliances & Firewalls | C12: NVA Bootstrap & Licensing | D12: Bootstrapping is automated and licence model (BYOL, PAYG, pooled) and licence server dependency are understood with continuity plans. | E12: Bootstrap templates, licence entitlement and server dependency | F12: 2.4.1 | H12: =IF(G12="","",IF(G12<=RED_MAX,"RED",IF(G12<=AMBER_MAX,"AMBER","GREEN"))) | I12: [Enter findings] | J12: [Enter recommendations] | K12: [Assign] | L12: [Date]
A13: TPI-008 | B13: Network Virtual Appliances & Firewalls | C13: NVA Patch & Lifecycle Management | D13: Vulnerability patching cadence, blue/green replacement and hardened images are defined and evidenced. | E13: Patch records, image pipeline, vulnerability scan results | F13: 2.4.1 | H13: =IF(G13="","",IF(G13<=RED_MAX,"RED",IF(G13<=AMBER_MAX,"AMBER","GREEN"))) | I13: [Enter findings] | J13: [Enter recommendations] | K13: [Assign] | L13: [Date]
A14: IPS / IDS & WAF Solutions (SOW 2.4.2)
A15: TPI-009 | B15: IPS / IDS & WAF Solutions | C15: IPS/IDS Deployment Mode | D15: Inline IPS vs detection-only is defined per segment with fail-open/closed behaviour, signature updates and performance impact known. | E15: IPS policy, signature update logs, performance test | F15: 2.4.2 | H15: =IF(G15="","",IF(G15<=RED_MAX,"RED",IF(G15<=AMBER_MAX,"AMBER","GREEN"))) | I15: [Enter findings] | J15: [Enter recommendations] | K15: [Assign] | L15: [Date]
A16: TPI-010 | B16: IPS / IDS & WAF Solutions | C16: IPS/IDS Tuning & Alert Handling | D16: Policies are tuned, exceptions governed, and alerts triaged with SIEM integration. | E16: Tuning records, exception register, SIEM correlation | F16: 2.4.2 | H16: =IF(G16="","",IF(G16<=RED_MAX,"RED",IF(G16<=AMBER_MAX,"AMBER","GREEN"))) | I16: [Enter findings] | J16: [Enter recommendations] | K16: [Assign] | L16: [Date]
A17: TPI-011 | B17: IPS / IDS & WAF Solutions | C17: WAF Placement & Coverage | D17: WAF (AWS WAF or third-party) protects all internet-facing applications and its position relative to inspection is as designed. | E17: WAF associations, application inventory, WAF rule groups | F17: 2.4.2 | H17: =IF(G17="","",IF(G17<=RED_MAX,"RED",IF(G17<=AMBER_MAX,"AMBER","GREEN"))) | I17: [Enter findings] | J17: [Enter recommendations] | K17: [Assign] | L17: [Date]
A18: TPI-012 | B18: IPS / IDS & WAF Solutions | C18: WAF Rule Management | D18: Managed rule sets, rate limits, bot controls and custom rules are maintained with a count-to-block process and log analysis. | E18: WAF rule configuration, logs, rule change history | F18: 2.4.2 | H18: =IF(G18="","",IF(G18<=RED_MAX,"RED",IF(G18<=AMBER_MAX,"AMBER","GREEN"))) | I18: [Enter findings] | J18: [Enter recommendations] | K18: [Assign] | L18: [Date]
A19: TPI-013 | B19: IPS / IDS & WAF Solutions | C19: WAF/IPS TLS Visibility | D19: Decryption capability, certificate management and exclusions for WAF/IPS are defined and functioning. | E19: TLS policy, certificate inventory, exception list | F19: 2.4.2 | H19: =IF(G19="","",IF(G19<=RED_MAX,"RED",IF(G19<=AMBER_MAX,"AMBER","GREEN"))) | I19: [Enter findings] | J19: [Enter recommendations] | K19: [Assign] | L19: [Date]
A20: TPI-014 | B20: IPS / IDS & WAF Solutions | C20: DDoS Protection Integration | D20: AWS Shield (Standard/Advanced) and any third-party scrubbing integrate with WAF and load balancers and escalation is defined. | E20: Shield configuration, DDoS response plan, integration test | F20: 2.4.2 | H20: =IF(G20="","",IF(G20<=RED_MAX,"RED",IF(G20<=AMBER_MAX,"AMBER","GREEN"))) | I20: [Enter findings] | J20: [Enter recommendations] | K20: [Assign] | L20: [Date]
A21: Proxy & Security Inspection Services (SOW 2.4.3)
A22: TPI-015 | B22: Proxy & Security Inspection Services | C22: Proxy Architecture | D22: Explicit vs transparent proxy design, proxy fleet HA behind NLB/GWLB and client configuration (PAC/WPAD) are documented and implemented. | E22: Proxy design, fleet configuration, client settings | F22: 2.4.3 | H22: =IF(G22="","",IF(G22<=RED_MAX,"RED",IF(G22<=AMBER_MAX,"AMBER","GREEN"))) | I22: [Enter findings] | J22: [Enter recommendations] | K22: [Assign] | L22: [Date]
A23: TPI-016 | B23: Proxy & Security Inspection Services | C23: Proxy Policy & Authentication | D23: URL filtering categories, user authentication, exemptions and logging are defined and enforced. | E23: Proxy policy export, authentication integration, exemption list | F23: 2.4.3 | H23: =IF(G23="","",IF(G23<=RED_MAX,"RED",IF(G23<=AMBER_MAX,"AMBER","GREEN"))) | I23: [Enter findings] | J23: [Enter recommendations] | K23: [Assign] | L23: [Date]
A24: TPI-017 | B24: Proxy & Security Inspection Services | C24: Proxy Bypass Controls | D24: Controls (SG, NACL, routes) prevent direct egress that bypasses the proxy; tested. | E24: Bypass test results, SG/NACL/route review | F24: 2.4.3 | H24: =IF(G24="","",IF(G24<=RED_MAX,"RED",IF(G24<=AMBER_MAX,"AMBER","GREEN"))) | I24: [Enter findings] | J24: [Enter recommendations] | K24: [Assign] | L24: [Date]
A25: TPI-018 | B25: Proxy & Security Inspection Services | C25: Additional Inspection Services (DLP, Sandbox, SWG, CASB) | D25: Dependencies, insertion points, added latency and failure behaviour of additional inspection services are understood. | E25: Service inventory, insertion design, latency measurements | F25: 2.4.3 | H25: =IF(G25="","",IF(G25<=RED_MAX,"RED",IF(G25<=AMBER_MAX,"AMBER","GREEN"))) | I25: [Enter findings] | J25: [Enter recommendations] | K25: [Assign] | L25: [Date]
A26: TPI-019 | B26: Proxy & Security Inspection Services | C26: Certificate & Trust Management | D26: Inspection CA distribution, rotation and pinned-application exceptions are managed. | E26: CA lifecycle documentation, distribution evidence | F26: 2.4.3 | H26: =IF(G26="","",IF(G26<=RED_MAX,"RED",IF(G26<=AMBER_MAX,"AMBER","GREEN"))) | I26: [Enter findings] | J26: [Enter recommendations] | K26: [Assign] | L26: [Date]
A27: GENEVE, Health Checks, Routing & Return Paths (SOW 2.4.4)
A28: TPI-020 | B28: GENEVE, Health Checks, Routing & Return Paths | C28: GENEVE Compatibility | D28: Each appliance and version supports GENEVE (UDP 6081) as required by GWLB and is vendor-supported/tested for this use. | E28: Vendor certification/support matrix, GWLB target group protocol settings | F28: 2.4.4 | H28: =IF(G28="","",IF(G28<=RED_MAX,"RED",IF(G28<=AMBER_MAX,"AMBER","GREEN"))) | I28: [Enter findings] | J28: [Enter recommendations] | K28: [Assign] | L28: [Date]
A29: TPI-021 | B29: GENEVE, Health Checks, Routing & Return Paths | C29: GENEVE MTU & Fragmentation | D29: MTU/MSS settings account for GENEVE encapsulation overhead; large packets are not fragmented or dropped; PMTUD behaviour is validated. | E29: MTU configuration on appliances/instances, large-packet and PMTUD tests | F29: 2.4.4 | H29: =IF(G29="","",IF(G29<=RED_MAX,"RED",IF(G29<=AMBER_MAX,"AMBER","GREEN"))) | I29: [Enter findings] | J29: [Enter recommendations] | K29: [Assign] | L29: [Date]
A30: TPI-022 | B30: GENEVE, Health Checks, Routing & Return Paths | C30: Health Check Compatibility | D30: Appliances answer GWLB health checks reliably under load and after config changes; SGs permit the health check source. | E30: Health check configuration, load-condition health test, SG rules | F30: 2.4.4 | H30: =IF(G30="","",IF(G30<=RED_MAX,"RED",IF(G30<=AMBER_MAX,"AMBER","GREEN"))) | I30: [Enter findings] | J30: [Enter recommendations] | K30: [Assign] | L30: [Date]
A31: TPI-023 | B31: GENEVE, Health Checks, Routing & Return Paths | C31: Appliance Routing Configuration | D31: Appliance-internal routing and interface settings support correct return traffic; appliance does not NAT in GWLB mode where source IP must be preserved. | E31: Appliance routing table, NAT policy, packet capture | F31: 2.4.4 | H31: =IF(G31="","",IF(G31<=RED_MAX,"RED",IF(G31<=AMBER_MAX,"AMBER","GREEN"))) | I31: [Enter findings] | J31: [Enter recommendations] | K31: [Assign] | L31: [Date]
A32: TPI-024 | B32: GENEVE, Health Checks, Routing & Return Paths | C32: Return Path Handling | D32: Return traffic is re-encapsulated to the same GWLB flow; no NAT breaks flow stickiness. | E32: Packet captures, GWLB flow behaviour test | F32: 2.4.4 | H32: =IF(G32="","",IF(G32<=RED_MAX,"RED",IF(G32<=AMBER_MAX,"AMBER","GREEN"))) | I32: [Enter findings] | J32: [Enter recommendations] | K32: [Assign] | L32: [Date]
A33: TPI-025 | B33: GENEVE, Health Checks, Routing & Return Paths | C33: Inspection Chain Dependency Mapping | D33: Dependencies between chained inspection services (ordering, shared dependencies, failure impact) are mapped. | E33: Dependency map, failure impact per hop | F33: 2.4.4 | H33: =IF(G33="","",IF(G33<=RED_MAX,"RED",IF(G33<=AMBER_MAX,"AMBER","GREEN"))) | I33: [Enter findings] | J33: [Enter recommendations] | K33: [Assign] | L33: [Date]
A34: TPI-026 | B34: GENEVE, Health Checks, Routing & Return Paths | C34: Flow Stickiness & Hash Configuration | D34: Stickiness (5-tuple/3-tuple/2-tuple) suits NAT'd or proxied flows and is configured intentionally. | E34: Target group stickiness attributes, flow distribution analysis | F34: 2.4.4 | H34: =IF(G34="","",IF(G34<=RED_MAX,"RED",IF(G34<=AMBER_MAX,"AMBER","GREEN"))) | I34: [Enter findings] | J34: [Enter recommendations] | K34: [Assign] | L34: [Date]
A35: TPI-027 | B35: GENEVE, Health Checks, Routing & Return Paths | C35: Logging & SIEM Integration | D35: Appliance logs are shipped to the central SIEM with time sync, retention and parsers; visibility persists during failover. | E35: Log pipeline configuration, sample events, failover log continuity | F35: 2.4.4 | H35: =IF(G35="","",IF(G35<=RED_MAX,"RED",IF(G35<=AMBER_MAX,"AMBER","GREEN"))) | I35: [Enter findings] | J35: [Enter recommendations] | K35: [Assign] | L35: [Date]
A36: TPI-028 | B36: GENEVE, Health Checks, Routing & Return Paths | C36: Vendor Support & Escalation | D36: Support entitlements and joint AWS/vendor escalation paths exist for the deployed versions. | E36: Support contracts, escalation matrix | F36: 2.4.4 | H36: =IF(G36="","",IF(G36<=RED_MAX,"RED",IF(G36<=AMBER_MAX,"AMBER","GREEN"))) | I36: [Enter findings] | J36: [Enter recommendations] | K36: [Assign] | L36: [Date]
A37: TPI-029 | B37: GENEVE, Health Checks, Routing & Return Paths | C37: Cost & Licensing Impact | D37: Data-processing charges (GWLB, NAT, cross-AZ) and licence scaling under growth are understood. | E37: Cost model, Cost Explorer analysis, licence schedule | F37: 2.4.4 | H37: =IF(G37="","",IF(G37<=RED_MAX,"RED",IF(G37<=AMBER_MAX,"AMBER","GREEN"))) | I37: [Enter findings] | J37: [Enter recommendations] | K37: [Assign] | L37: [Date]

Sheet Migration & Cutover
A1: MIGRATION & CUTOVER READINESS REVIEW
A2: SOW 2.5 | Migration Strategy & Switchover | Rollback | Dependencies & Black-Hole Windows | Go/No-Go | Production Readiness
A4: ID | B4: Category | C4: Assessment Item | D4: Description / Expected State | E4: Evidence / Validation Method | F4: SOW Ref | G4: Score (1-5) | H4: RAG Status | I4: Findings | J4: Recommendations | K4: Owner | L4: Target Date
A5: Migration Strategy & Switchover Sequence (SOW 2.5.1)
A6: MIG-001 | B6: Migration Strategy & Switchover Sequence | C6: Migration Strategy Definition | D6: Migration approach (big-bang, phased by VPC/application/environment), rationale, scope and exclusions are defined and approved. | E6: Migration strategy document, approval record | F6: 2.5.1 | H6: =IF(G6="","",IF(G6<=RED_MAX,"RED",IF(G6<=AMBER_MAX,"AMBER","GREEN"))) | I6: [Enter findings] | J6: [Enter recommendations] | K6: [Assign] | L6: [Date]
A7: MIG-002 | B7: Migration Strategy & Switchover Sequence | C7: Current-State and Target-State Baseline | D7: Current internet paths, egress IPs, firewalls and dependencies are baselined against the target state with a delta analysis. | E7: Baseline inventory, gap/delta analysis | F7: 2.5.1 | H7: =IF(G7="","",IF(G7<=RED_MAX,"RED",IF(G7<=AMBER_MAX,"AMBER","GREEN"))) | I7: [Enter findings] | J7: [Enter recommendations] | K7: [Assign] | L7: [Date]
A8: MIG-003 | B8: Migration Strategy & Switchover Sequence | C8: Switchover Sequence Plan | D8: An ordered switchover sequence with owners, timings, dependencies and communications exists and has been dry-run. | E8: Cutover runbook, dry-run report | F8: 2.5.1 | H8: =IF(G8="","",IF(G8<=RED_MAX,"RED",IF(G8<=AMBER_MAX,"AMBER","GREEN"))) | I8: [Enter findings] | J8: [Enter recommendations] | K8: [Assign] | L8: [Date]
A9: MIG-004 | B9: Migration Strategy & Switchover Sequence | C9: Wave Planning & Pilot | D9: A pilot workload and wave criteria are defined; lessons learned feed later waves. | E9: Wave plan, pilot results | F9: 2.5.1 | H9: =IF(G9="","",IF(G9<=RED_MAX,"RED",IF(G9<=AMBER_MAX,"AMBER","GREEN"))) | I9: [Enter findings] | J9: [Enter recommendations] | K9: [Assign] | L9: [Date]
A10: MIG-005 | B10: Migration Strategy & Switchover Sequence | C10: Pre-Production Validation Environment | D10: A non-production replica of the target design exists with parity to production and test results are recorded. | E10: Environment parity comparison, UAT results | F10: 2.5.1 | H10: =IF(G10="","",IF(G10<=RED_MAX,"RED",IF(G10<=AMBER_MAX,"AMBER","GREEN"))) | I10: [Enter findings] | J10: [Enter recommendations] | K10: [Assign] | L10: [Date]
A11: MIG-006 | B11: Migration Strategy & Switchover Sequence | C11: Traffic Baseline & Capacity Validation | D11: Peak traffic and connection baselines exist and the target path has been load tested at peak plus headroom. | E11: Traffic baseline report, load test results | F11: 2.5.1 | H11: =IF(G11="","",IF(G11<=RED_MAX,"RED",IF(G11<=AMBER_MAX,"AMBER","GREEN"))) | I11: [Enter findings] | J11: [Enter recommendations] | K11: [Assign] | L11: [Date]
A12: MIG-007 | B12: Migration Strategy & Switchover Sequence | C12: External Allow-List & Dependency Changes | D12: New egress EIPs/source IPs are allow-listed with partners/SaaS ahead of cutover with lead times tracked. | E12: Allow-list register, partner confirmations | F12: 2.5.1 | H12: =IF(G12="","",IF(G12<=RED_MAX,"RED",IF(G12<=AMBER_MAX,"AMBER","GREEN"))) | I12: [Enter findings] | J12: [Enter recommendations] | K12: [Assign] | L12: [Date]
A13: MIG-008 | B13: Migration Strategy & Switchover Sequence | C13: Change Management & Approvals | D13: CAB approval, change windows, freezes and stakeholder communications are planned. | E13: Change records, communications plan | F13: 2.5.1 | H13: =IF(G13="","",IF(G13<=RED_MAX,"RED",IF(G13<=AMBER_MAX,"AMBER","GREEN"))) | I13: [Enter findings] | J13: [Enter recommendations] | K13: [Assign] | L13: [Date]
A14: Rollback Readiness (SOW 2.5.2)
A15: MIG-009 | B15: Rollback Readiness | C15: Rollback Procedure | D15: A step-by-step rollback procedure with owner and expected execution time is documented and current. | E15: Rollback runbook, review record | F15: 2.5.2 | H15: =IF(G15="","",IF(G15<=RED_MAX,"RED",IF(G15<=AMBER_MAX,"AMBER","GREEN"))) | I15: [Enter findings] | J15: [Enter recommendations] | K15: [Assign] | L15: [Date]
A16: MIG-010 | B16: Rollback Readiness | C16: Rollback Triggers | D16: Objective rollback triggers (error rate, latency, loss, business impact) and decision authority are defined. | E16: Trigger criteria document, decision matrix | F16: 2.5.2 | H16: =IF(G16="","",IF(G16<=RED_MAX,"RED",IF(G16<=AMBER_MAX,"AMBER","GREEN"))) | I16: [Enter findings] | J16: [Enter recommendations] | K16: [Assign] | L16: [Date]
A17: MIG-011 | B17: Rollback Readiness | C17: Service Restoration Criteria | D17: Criteria and validation checks confirm service restoration after rollback. | E17: Restoration checklist, synthetic test suite | F17: 2.5.2 | H17: =IF(G17="","",IF(G17<=RED_MAX,"RED",IF(G17<=AMBER_MAX,"AMBER","GREEN"))) | I17: [Enter findings] | J17: [Enter recommendations] | K17: [Assign] | L17: [Date]
A18: MIG-012 | B18: Rollback Readiness | C18: Point of No Return Identification | D18: Irreversible steps (decommissioning old path, DNS/EIP changes) are identified and gated. | E18: Cutover plan gating analysis | F18: 2.5.2 | H18: =IF(G18="","",IF(G18<=RED_MAX,"RED",IF(G18<=AMBER_MAX,"AMBER","GREEN"))) | I18: [Enter findings] | J18: [Enter recommendations] | K18: [Assign] | L18: [Date]
A19: MIG-013 | B19: Rollback Readiness | C19: Rollback Rehearsal | D19: Rollback has been rehearsed in pre-production and completes within the change window. | E19: Rehearsal report with timings | F19: 2.5.2 | H19: =IF(G19="","",IF(G19<=RED_MAX,"RED",IF(G19<=AMBER_MAX,"AMBER","GREEN"))) | I19: [Enter findings] | J19: [Enter recommendations] | K19: [Assign] | L19: [Date]
A20: Cutover Dependencies & Black-Hole Windows (SOW 2.5.3)
A21: MIG-014 | B21: Cutover Dependencies & Black-Hole Windows | C21: Cutover Dependency Register | D21: All cutover dependencies (DNS, identity, routes, allow-lists, certificates, licences, monitoring) are registered with owners and status. | E21: Dependency register, owner confirmations | F21: 2.5.3 | H21: =IF(G21="","",IF(G21<=RED_MAX,"RED",IF(G21<=AMBER_MAX,"AMBER","GREEN"))) | I21: [Enter findings] | J21: [Enter recommendations] | K21: [Assign] | L21: [Date]
A22: MIG-015 | B22: Cutover Dependencies & Black-Hole Windows | C22: Traffic Black-Hole Window Analysis | D22: Windows during route switchover where traffic could be black-holed are identified, quantified and mitigated (TTL, BGP convergence, draining). | E22: Black-hole analysis, route change simulation | F22: 2.5.3 | H22: =IF(G22="","",IF(G22<=RED_MAX,"RED",IF(G22<=AMBER_MAX,"AMBER","GREEN"))) | I22: [Enter findings] | J22: [Enter recommendations] | K22: [Assign] | L22: [Date]
A23: MIG-016 | B23: Cutover Dependencies & Black-Hole Windows | C23: Session Draining & In-Flight Impact | D23: Handling of established and long-lived sessions during switchover is planned and communicated. | E23: Session inventory, draining plan | F23: 2.5.3 | H23: =IF(G23="","",IF(G23<=RED_MAX,"RED",IF(G23<=AMBER_MAX,"AMBER","GREEN"))) | I23: [Enter findings] | J23: [Enter recommendations] | K23: [Assign] | L23: [Date]
A24: MIG-017 | B24: Cutover Dependencies & Black-Hole Windows | C24: DNS & TTL Management | D24: TTLs are lowered ahead of cutover and DNS change sequencing accounts for resolver caching. | E24: DNS change plan, TTL records | F24: 2.5.3 | H24: =IF(G24="","",IF(G24<=RED_MAX,"RED",IF(G24<=AMBER_MAX,"AMBER","GREEN"))) | I24: [Enter findings] | J24: [Enter recommendations] | K24: [Assign] | L24: [Date]
A25: MIG-018 | B25: Cutover Dependencies & Black-Hole Windows | C25: Route Change Mechanics | D25: Route and TGW change sequence is scripted/IaC-driven, pre-staged and verified with commands/tests. | E25: Change scripts, verification checklist | F25: 2.5.3 | H25: =IF(G25="","",IF(G25<=RED_MAX,"RED",IF(G25<=AMBER_MAX,"AMBER","GREEN"))) | I25: [Enter findings] | J25: [Enter recommendations] | K25: [Assign] | L25: [Date]
A26: MIG-019 | B26: Cutover Dependencies & Black-Hole Windows | C26: Monitoring During Cutover | D26: Heightened monitoring, dashboards, synthetic checks and a war room with comms are ready. | E26: Cutover monitoring plan, dashboard, contact list | F26: 2.5.3 | H26: =IF(G26="","",IF(G26<=RED_MAX,"RED",IF(G26<=AMBER_MAX,"AMBER","GREEN"))) | I26: [Enter findings] | J26: [Enter recommendations] | K26: [Assign] | L26: [Date]
A27: Go / No-Go Criteria & Governance (SOW 2.5.4)
A28: MIG-020 | B28: Go / No-Go Criteria & Governance | C28: Go/No-Go Criteria Defined | D28: Measurable go/no-go criteria covering technical, security, operational and business dimensions are defined (see Go-NoGo Criteria tab). | E28: Go-NoGo Criteria tab, FAB approval | F28: 2.5.4 | H28: =IF(G28="","",IF(G28<=RED_MAX,"RED",IF(G28<=AMBER_MAX,"AMBER","GREEN"))) | I28: [Enter findings] | J28: [Enter recommendations] | K28: [Assign] | L28: [Date]
A29: MIG-021 | B29: Go / No-Go Criteria & Governance | C29: Go/No-Go Governance | D29: Decision forum, authority and checkpoint timings are defined and agreed. | E29: Governance charter, calendar invites | F29: 2.5.4 | H29: =IF(G29="","",IF(G29<=RED_MAX,"RED",IF(G29<=AMBER_MAX,"AMBER","GREEN"))) | I29: [Enter findings] | J29: [Enter recommendations] | K29: [Assign] | L29: [Date]
A30: MIG-022 | B30: Go / No-Go Criteria & Governance | C30: Security & Compliance Sign-Off | D30: Security review, testing and risk acceptance are complete before go-live. | E30: Security sign-off, test reports, risk acceptances | F30: 2.5.4 | H30: =IF(G30="","",IF(G30<=RED_MAX,"RED",IF(G30<=AMBER_MAX,"AMBER","GREEN"))) | I30: [Enter findings] | J30: [Enter recommendations] | K30: [Assign] | L30: [Date]
A31: MIG-023 | B31: Go / No-Go Criteria & Governance | C31: Operational Readiness Sign-Off | D31: Support model, runbooks, training, on-call and monitoring handover are complete. | E31: Readiness checklist, training records | F31: 2.5.4 | H31: =IF(G31="","",IF(G31<=RED_MAX,"RED",IF(G31<=AMBER_MAX,"AMBER","GREEN"))) | I31: [Enter findings] | J31: [Enter recommendations] | K31: [Assign] | L31: [Date]
A32: Production Readiness Recommendation (SOW 2.5.5)
A33: MIG-024 | B33: Production Readiness Recommendation | C33: Production Readiness Review | D33: A consolidated readiness recommendation with risks and prerequisites is produced from assessment results. | E33: Cutover Readiness Assessment deliverable, dashboard | F33: 2.5.5 | H33: =IF(G33="","",IF(G33<=RED_MAX,"RED",IF(G33<=AMBER_MAX,"AMBER","GREEN"))) | I33: [Enter findings] | J33: [Enter recommendations] | K33: [Assign] | L33: [Date]
A34: MIG-025 | B34: Production Readiness Recommendation | C34: Open Risks & Prerequisites Tracking | D34: Open findings and risks have owners and required closure timing (before/after go-live). | E34: Findings tracker, risk register | F34: 2.5.5 | H34: =IF(G34="","",IF(G34<=RED_MAX,"RED",IF(G34<=AMBER_MAX,"AMBER","GREEN"))) | I34: [Enter findings] | J34: [Enter recommendations] | K34: [Assign] | L34: [Date]
A35: MIG-026 | B35: Production Readiness Recommendation | C35: Post-Cutover Validation & Hypercare | D35: A validation test suite, hypercare period, success measures and decommission plan are defined. | E35: Post-cutover test plan, hypercare rota | F35: 2.5.5 | H35: =IF(G35="","",IF(G35<=RED_MAX,"RED",IF(G35<=AMBER_MAX,"AMBER","GREEN"))) | I35: [Enter findings] | J35: [Enter recommendations] | K35: [Assign] | L35: [Date]
A36: MIG-027 | B36: Production Readiness Recommendation | C36: Knowledge Transfer & Documentation Handover | D36: KT sessions, as-built documentation and editable diagrams are delivered to FAB. | E36: KT schedule, as-built documents, editable source files | F36: 2.5.5 | H36: =IF(G36="","",IF(G36<=RED_MAX,"RED",IF(G36<=AMBER_MAX,"AMBER","GREEN"))) | I36: [Enter findings] | J36: [Enter recommendations] | K36: [Assign] | L36: [Date]

Sheet Go-NoGo Criteria
A1: GO / NO-GO CRITERIA
A2: SOW 2.5.4 | Any Blocking criterion that is Not Met or Partially Met gives NO-GO; unanswered Blocking criteria keep the decision PENDING
A4: OVERALL DECISION | C4: =IF(SUMPRODUCT(($E$7:$E$34="Yes")*(($F$7:$F$34="Not Met")+($F$7:$F$34="Partially Met")))>0,"NO-GO",IF(SUMPRODUCT(($E$7:$E$34="Yes")*($F$7:$F$34=""))>0,"PENDING","GO")) -> PENDING | D4: ="Blocking criteria: "&COUNTIF($E$7:$E$34,"Yes")&" | Met: "&COUNTIFS($E$7:$E$34,"Yes",$F$7:$F$34,"Met")&" | Not / Partially Met: "&(COUNTIFS($E$7:$E$34,"Yes",$F$7:$F$34,"Not Met")+COUNTIFS($E$7:$E$34,"Yes",$F$7:$F$34,"Partially Met"))&" | Unanswered: "&SUMPRODUCT(($E$7:$E$34="Yes")*($F$7:$F$34="")) -> Blocking criteria: 20 | Met: 0 | Not / Partially Met: 0 | Unanswered: 20
A6: ID | B6: Category | C6: Go / No-Go Criterion | D6: Threshold / Definition | E6: Blocking? | F6: Status | G6: Live Indicator (from workbook) | H6: Evidence Ref | I6: Owner | J6: Comments
A7: Technical
A8: GNG-001 | B8: Technical | C8: No open Critical findings (closed or formally risk-accepted). | D8: Zero open Critical findings. | E8: Yes | G8: =COUNTIF('Findings & Remediation'!$K$5:$K$64,"Critical")-COUNTIFS('Findings & Remediation'!$K$5:$K$64,"Critical",'Findings & Remediation'!$R$5:$R$64,"Closed")-COUNTIFS('Findings & Remediation'!$K$5:$K$64,"Critical",'Findings & Remediation'!$R$5:$R$64,"Risk Accepted")&" open Critical finding(s)" -> 0 open Critical finding(s) | I8: [Assign]
A9: GNG-002 | B9: Technical | C9: No open High findings without approved mitigation or risk acceptance. | D9: Zero unmitigated High findings. | E9: Yes | G9: =COUNTIF('Findings & Remediation'!$K$5:$K$64,"High")-COUNTIFS('Findings & Remediation'!$K$5:$K$64,"High",'Findings & Remediation'!$R$5:$R$64,"Closed")-COUNTIFS('Findings & Remediation'!$K$5:$K$64,"High",'Findings & Remediation'!$R$5:$R$64,"Risk Accepted")&" open High finding(s)" -> 0 open High finding(s) | I9: [Assign]
A10: GNG-003 | B10: Technical | C10: All in-scope traffic flows validated with no failed flow. | D10: All Flow Matrix rows Pass. | E10: Yes | G10: ="Pass "&COUNTIF('Traffic Flow Matrix'!$J$5:$J$28,"Pass")&" | Fail "&COUNTIF('Traffic Flow Matrix'!$J$5:$J$28,"Fail")&" | Not tested "&COUNTIF('Traffic Flow Matrix'!$J$5:$J$28,"Not Tested") -> Pass 0 | Fail 0 | Not tested 16 | I10: [Assign]
A11: GNG-004 | B11: Technical | C11: Egress inspection bypass tests passed for every VPC and AZ. | D11: No bypass path found. | E11: Yes | I11: [Assign]
A12: GNG-005 | B12: Technical | C12: Return-path symmetry verified for all flows. | D12: No asymmetric path under normal operation. | E12: Yes | I12: [Assign]
A13: GNG-006 | B13: Technical | C13: UAT failover scenarios executed and passed within agreed RTO. | D13: All UAT scenarios Pass and within target. | E13: Yes | G13: ="Pass "&COUNTIF('UAT Failover Scenarios'!$J$5:$J$26,"Pass")&" | Fail "&COUNTIF('UAT Failover Scenarios'!$J$5:$J$26,"Fail")&" | Not tested "&COUNTIF('UAT Failover Scenarios'!$J$5:$J$26,"Not Tested") -> Pass 0 | Fail 0 | Not tested 16 | I13: [Assign]
A14: GNG-007 | B14: Technical | C14: Capacity test at peak plus headroom passed, including N-1 AZ. | D14: Sustained throughput/connections at [FAB to define]% headroom. | E14: Yes | I14: [Assign]
A15: GNG-008 | B15: Technical | C15: Third-party appliance integration is vendor-supported and validated (GENEVE, health checks, MTU). | D15: Vendor support confirmed; validation evidence attached. | E15: Yes | I15: [Assign]
A16: GNG-009 | B16: Technical | C16: Deployed configuration matches approved design (IaC conformance, no drift). | D16: Zero unapproved drift. | E16: Yes | I16: [Assign]
A17: Security
A18: GNG-010 | B18: Security | C18: Security review and sign-off complete (policy, TLS inspection, logging). | D18: Signed by FAB security. | E18: Yes | I18: [Assign]
A19: GNG-011 | B19: Security | C19: Logging and monitoring operational (flow logs, appliance logs to SIEM, alarms). | D19: Logs flowing; alarms tested. | E19: Yes | I19: [Assign]
A20: Migration
A21: GNG-012 | B21: Migration | C21: Rollback procedure documented and rehearsed within the change window. | D21: Rehearsal completed within window. | E21: Yes | I21: [Assign]
A22: GNG-013 | B22: Migration | C22: Rollback triggers and decision authority agreed. | D22: Written trigger criteria approved. | E22: Yes | I22: [Assign]
A23: GNG-014 | B23: Migration | C23: Cutover runbook and switchover sequence approved; dry run completed. | D23: Approved runbook; dry-run report. | E23: Yes | I23: [Assign]
A24: GNG-015 | B24: Migration | C24: Traffic black-hole window analysed, mitigated and accepted. | D24: Window quantified and accepted by FAB. | E24: Yes | I24: [Assign]
A25: GNG-016 | B25: Migration | C25: External allow-lists updated for new egress IPs. | D25: All partners/SaaS confirmed. | E25: Yes | I25: [Assign]
A26: GNG-017 | B26: Migration | C26: DNS TTLs lowered and DNS change sequence ready. | D26: TTL reduced ahead of cutover. | E26: No | I26: [Assign]
A27: Operational
A28: GNG-018 | B28: Operational | C28: Support model, runbooks and on-call in place. | D28: Runbooks published; on-call rota active. | E28: Yes | I28: [Assign]
A29: GNG-019 | B29: Operational | C29: Operations team trained and knowledge transfer complete. | D29: KT sessions delivered. | E29: No | I29: [Assign]
A30: GNG-020 | B30: Operational | C30: Change approval obtained and change window scheduled. | D30: CAB approval recorded. | E30: Yes | I30: [Assign]
A31: GNG-021 | B31: Operational | C31: Hypercare plan and stakeholder communications ready. | D31: Hypercare rota and comms plan approved. | E31: No | I31: [Assign]
A32: Business
A33: GNG-022 | B33: Business | C33: Business owner sign-off with acceptable residual risk profile. | D33: Signed risk acceptance. | E33: Yes | I33: [Assign]
A34: GNG-023 | B34: Business | C34: Remaining risks and prerequisites documented with owners. | D34: All open items have owners and dates. | E34: Yes | I34: [Assign]

Sheet Integration Risk Register
A1: INTEGRATION RISK REGISTER
A2: SOW deliverable 4 | AWS and third-party interoperability risks, mitigations and ownership | Seeded risks are CANDIDATES to validate, not confirmed findings
A4: Risk ID | B4: Risk Category | C4: Risk Description | D4: Component / Interface | E4: Related Items | F4: Likelihood (1-5) | G4: Impact (1-5) | H4: Risk Score | I4: Risk Rating | J4: Mitigation / Recommended Action | K4: Risk Owner | L4: Owner Party | M4: Status | N4: Validation Evidence | O4: Notes
A5: R-001 | B5: Third-party / GENEVE | C5: GENEVE encapsulation overhead with mismatched MTU/MSS causes fragmentation or drops for large packets and blocked PMTUD. | D5: GWLB / NVA interfaces | E5: TPI-021 | H5: =IF(OR(F5="",G5=""),"",F5*G5) | I5: =IF(H5="","",IF(H5>=RISK_CRIT,"Critical",IF(H5>=RISK_HIGH,"High",IF(H5>=RISK_MED,"Medium","Low")))) | J5: Set and test MTU/MSS end to end; validate with large-packet and PMTUD tests; align with vendor guidance. | M5: Candidate - To Validate
A6: R-002 | B6: Third-party / Health checks | C6: Appliance health checks fail or flap due to wrong port/protocol, load or security group blocking the health check source, removing healthy targets. | D6: GWLB target group / NVA | E6: TPI-022, HAR-019 | H6: =IF(OR(F6="",G6=""),"",F6*G6) | I6: =IF(H6="","",IF(H6>=RISK_CRIT,"Critical",IF(H6>=RISK_HIGH,"High",IF(H6>=RISK_MED,"Medium","Low")))) | J6: Validate health check protocol/port and SG rules; tune thresholds; test under load. | M6: Candidate - To Validate
A7: R-003 | B7: AWS / Routing | C7: Appliance mode disabled on inspection TGW attachment causing asymmetric flows and stateful firewall drops. | D7: TGW attachment | E7: ARC-018, HAR-021 | H7: =IF(OR(F7="",G7=""),"",F7*G7) | I7: =IF(H7="","",IF(H7>=RISK_CRIT,"Critical",IF(H7>=RISK_HIGH,"High",IF(H7>=RISK_MED,"Medium","Low")))) | J7: Enable appliance mode; validate flow symmetry across AZs before cutover. | M7: Candidate - To Validate
A8: R-004 | B8: AWS / Load balancing | C8: GWLB cross-zone and target-failover settings produce unexpected flow distribution or black-holing of existing flows after target failure. | D8: GWLB | E8: ARC-035, HAR-009 | H8: =IF(OR(F8="",G8=""),"",F8*G8) | I8: =IF(H8="","",IF(H8>=RISK_CRIT,"Critical",IF(H8>=RISK_HIGH,"High",IF(H8>=RISK_MED,"Medium","Low")))) | J8: Define and test target-failover and deregistration behaviour; document cross-zone decision. | M8: Candidate - To Validate
A9: R-005 | B9: Third-party / Stateful failover | C9: No session synchronisation between appliances causes established sessions to reset on failover. | D9: NVA HA | E9: TPI-004, HAR-017 | H9: =IF(OR(F9="",G9=""),"",F9*G9) | I9: =IF(H9="","",IF(H9>=RISK_CRIT,"Critical",IF(H9>=RISK_HIGH,"High",IF(H9>=RISK_MED,"Medium","Low")))) | J9: Confirm HA/state-sync mode; test session survival; communicate accepted behaviour. | M9: Candidate - To Validate
A10: R-006 | B10: Third-party / Capacity | C10: Appliance licence or instance bandwidth limits are below peak load, especially after losing an AZ. | D10: NVA fleet | E10: TPI-002, HAR-003 | H10: =IF(OR(F10="",G10=""),"",F10*G10) | I10: =IF(H10="","",IF(H10>=RISK_CRIT,"Critical",IF(H10>=RISK_HIGH,"High",IF(H10>=RISK_MED,"Medium","Low")))) | J10: Load test N-1; align licences and instance sizing; add scaling headroom. | M10: Candidate - To Validate
A11: R-007 | B11: Third-party / Configuration | C11: Configuration drift between appliances/AZs causes inconsistent policy enforcement. | D11: NVA fleet | E11: TPI-006, TPI-007 | H11: =IF(OR(F11="",G11=""),"",F11*G11) | I11: =IF(H11="","",IF(H11>=RISK_CRIT,"Critical",IF(H11>=RISK_HIGH,"High",IF(H11>=RISK_MED,"Medium","Low")))) | J11: Central management with automated bootstrap and config sync; periodic drift checks. | M11: Candidate - To Validate
A12: R-008 | B12: Third-party / Fail behaviour | C12: Fail-open or fail-closed behaviour of inline IPS/firewall is undefined or unaccepted by FAB. | D12: IPS / firewall | E12: HAR-014, TPI-009 | H12: =IF(OR(F12="",G12=""),"",F12*G12) | I12: =IF(H12="","",IF(H12>=RISK_CRIT,"Critical",IF(H12>=RISK_HIGH,"High",IF(H12>=RISK_MED,"Medium","Low")))) | J12: Define, document and risk-accept fail behaviour; verify in UAT. | M12: Candidate - To Validate
A13: R-009 | B13: Third-party / Proxy | C13: Direct egress paths bypass the proxy or coexist inconsistently with transparent inspection. | D13: Proxy / routing | E13: TPI-017, TRF-007 | H13: =IF(OR(F13="",G13=""),"",F13*G13) | I13: =IF(H13="","",IF(H13>=RISK_CRIT,"Critical",IF(H13>=RISK_HIGH,"High",IF(H13>=RISK_MED,"Medium","Low")))) | J13: Block direct egress via routes/SG/NACL; run bypass tests. | M13: Candidate - To Validate
A14: R-010 | B14: Third-party / TLS inspection | C14: TLS inspection breaks certificate-pinned or mutual-TLS applications, or adds unacceptable latency. | D14: Inspection tier | E14: TRF-019, TPI-019 | H14: =IF(OR(F14="",G14=""),"",F14*G14) | I14: =IF(H14="","",IF(H14>=RISK_CRIT,"Critical",IF(H14>=RISK_HIGH,"High",IF(H14>=RISK_MED,"Medium","Low")))) | J14: Maintain exception list; distribute CA; performance-test decrypt path. | M14: Candidate - To Validate
A15: R-011 | B15: AWS / NAT | C15: NAT Gateway per-destination connection limits or port allocation errors under peak cause intermittent outbound failures. | D15: NAT Gateway | E15: ARC-029 | H15: =IF(OR(F15="",G15=""),"",F15*G15) | I15: =IF(H15="","",IF(H15>=RISK_CRIT,"Critical",IF(H15>=RISK_HIGH,"High",IF(H15>=RISK_MED,"Medium","Low")))) | J15: Monitor ErrorPortAllocation; add NAT/EIPs or spread destinations; alarm on drops. | M15: Candidate - To Validate
A16: R-012 | B16: AWS / Ingress | C16: Inbound traffic reaches workloads directly, bypassing ingress inspection, due to missing IGW edge route steering. | D16: IGW / route tables | E16: TRF-002 | H16: =IF(OR(F16="",G16=""),"",F16*G16) | I16: =IF(H16="","",IF(H16>=RISK_CRIT,"Critical",IF(H16>=RISK_HIGH,"High",IF(H16>=RISK_MED,"Medium","Low")))) | J16: Configure and test edge association; run external bypass test. | M16: Candidate - To Validate
... A22: R-018 | B22: Third-party / Observability | C22: Appliance logs are not centralised, or visibility is lost during failover, hindering troubleshooting and audit. | D22: SIEM / logging | E22: TPI-027 | H22: =IF(OR(F22="",G22=""),"",F22*G22) | I22: =IF(H22="","",IF(H22>=RISK_CRIT,"Critical",IF(H22>=RISK_HIGH,"High",IF(H22>=RISK_MED,"Medium","Low")))) | J22: Ship logs centrally with failover-safe pipeline; test during UAT. | M22: Candidate - To Validate
A23: R-019 | H23: =IF(OR(F23="",G23=""),"",F23*G23) | I23: =IF(H23="","",IF(H23>=RISK_CRIT,"Critical",IF(H23>=RISK_HIGH,"High",IF(H23>=RISK_MED,"Medium","Low"))))
A24: R-020 | H24: =IF(OR(F24="",G24=""),"",F24*G24) | I24: =IF(H24="","",IF(H24>=RISK_CRIT,"Critical",IF(H24>=RISK_HIGH,"High",IF(H24>=RISK_MED,"Medium","Low"))))
A25: R-021 | H25: =IF(OR(F25="",G25=""),"",F25*G25) | I25: =IF(H25="","",IF(H25>=RISK_CRIT,"Critical",IF(H25>=RISK_HIGH,"High",IF(H25>=RISK_MED,"Medium","Low"))))
A26: R-022 | H26: =IF(OR(F26="",G26=""),"",F26*G26) | I26: =IF(H26="","",IF(H26>=RISK_CRIT,"Critical",IF(H26>=RISK_HIGH,"High",IF(H26>=RISK_MED,"Medium","Low"))))
A27: R-023 | H27: =IF(OR(F27="",G27=""),"",F27*G27) | I27: =IF(H27="","",IF(H27>=RISK_CRIT,"Critical",IF(H27>=RISK_HIGH,"High",IF(H27>=RISK_MED,"Medium","Low"))))
A28: R-024 | H28: =IF(OR(F28="",G28=""),"",F28*G28) | I28: =IF(H28="","",IF(H28>=RISK_CRIT,"Critical",IF(H28>=RISK_HIGH,"High",IF(H28>=RISK_MED,"Medium","Low"))))
A29: R-025 | H29: =IF(OR(F29="",G29=""),"",F29*G29) | I29: =IF(H29="","",IF(H29>=RISK_CRIT,"Critical",IF(H29>=RISK_HIGH,"High",IF(H29>=RISK_MED,"Medium","Low"))))
A30: R-026 | H30: =IF(OR(F30="",G30=""),"",F30*G30) | I30: =IF(H30="","",IF(H30>=RISK_CRIT,"Critical",IF(H30>=RISK_HIGH,"High",IF(H30>=RISK_MED,"Medium","Low"))))
A31: R-027 | H31: =IF(OR(F31="",G31=""),"",F31*G31) | I31: =IF(H31="","",IF(H31>=RISK_CRIT,"Critical",IF(H31>=RISK_HIGH,"High",IF(H31>=RISK_MED,"Medium","Low"))))
A32: R-028 | H32: =IF(OR(F32="",G32=""),"",F32*G32) | I32: =IF(H32="","",IF(H32>=RISK_CRIT,"Critical",IF(H32>=RISK_HIGH,"High",IF(H32>=RISK_MED,"Medium","Low"))))
A33: R-029 | H33: =IF(OR(F33="",G33=""),"",F33*G33) | I33: =IF(H33="","",IF(H33>=RISK_CRIT,"Critical",IF(H33>=RISK_HIGH,"High",IF(H33>=RISK_MED,"Medium","Low"))))
A34: R-030 | H34: =IF(OR(F34="",G34=""),"",F34*G34) | I34: =IF(H34="","",IF(H34>=RISK_CRIT,"Critical",IF(H34>=RISK_HIGH,"High",IF(H34>=RISK_MED,"Medium","Low"))))
... A40: R-036 | H40: =IF(OR(F40="",G40=""),"",F40*G40) | I40: =IF(H40="","",IF(H40>=RISK_CRIT,"Critical",IF(H40>=RISK_HIGH,"High",IF(H40>=RISK_MED,"Medium","Low"))))

Sheet Findings & Remediation
A1: FINDINGS & REMEDIATION ACTION PLAN
A2: SOW deliverables 1 & 6 | Every finding carries evidence, impact, risk rating, recommendation, dependency and owner | Risk = Likelihood x Impact
A4: Finding ID | B4: Source Tab | C4: Assessment Item ID | D4: Category | E4: Finding Summary | F4: Evidence Reference | G4: Impact (Business / Technical) | H4: Likelihood (1-5) | I4: Impact (1-5) | J4: Risk Score | K4: Risk Rating | L4: RAG Status | M4: Priority | N4: Recommendation / Remediation Action | O4: Dependency | P4: Owner | Q4: Target Date | R4: Status | S4: Closure Evidence | T4: FAB Review Comment / Resolution | U4: Rank Key (helper)
A5: F-001 | J5: =IF(OR(H5="",I5=""),"",H5*I5) | K5: =IF(J5="","",IF(J5>=RISK_CRIT,"Critical",IF(J5>=RISK_HIGH,"High",IF(J5>=RISK_MED,"Medium","Low")))) | L5: =IF(K5="","",IF(OR(K5="Critical",K5="High"),"RED",IF(K5="Medium","AMBER","GREEN"))) | M5: =IF(K5="","",IF(K5="Critical","P1 - Immediate",IF(K5="High","P2 - Next",IF(K5="Medium","P3 - Planned","P4 - Backlog")))) | U5: =IF(J5="","",J5+(1000-ROW())/100000)
A6: F-002 | J6: =IF(OR(H6="",I6=""),"",H6*I6) | K6: =IF(J6="","",IF(J6>=RISK_CRIT,"Critical",IF(J6>=RISK_HIGH,"High",IF(J6>=RISK_MED,"Medium","Low")))) | L6: =IF(K6="","",IF(OR(K6="Critical",K6="High"),"RED",IF(K6="Medium","AMBER","GREEN"))) | M6: =IF(K6="","",IF(K6="Critical","P1 - Immediate",IF(K6="High","P2 - Next",IF(K6="Medium","P3 - Planned","P4 - Backlog")))) | U6: =IF(J6="","",J6+(1000-ROW())/100000)
A7: F-003 | J7: =IF(OR(H7="",I7=""),"",H7*I7) | K7: =IF(J7="","",IF(J7>=RISK_CRIT,"Critical",IF(J7>=RISK_HIGH,"High",IF(J7>=RISK_MED,"Medium","Low")))) | L7: =IF(K7="","",IF(OR(K7="Critical",K7="High"),"RED",IF(K7="Medium","AMBER","GREEN"))) | M7: =IF(K7="","",IF(K7="Critical","P1 - Immediate",IF(K7="High","P2 - Next",IF(K7="Medium","P3 - Planned","P4 - Backlog")))) | U7: =IF(J7="","",J7+(1000-ROW())/100000)
A8: F-004 | J8: =IF(OR(H8="",I8=""),"",H8*I8) | K8: =IF(J8="","",IF(J8>=RISK_CRIT,"Critical",IF(J8>=RISK_HIGH,"High",IF(J8>=RISK_MED,"Medium","Low")))) | L8: =IF(K8="","",IF(OR(K8="Critical",K8="High"),"RED",IF(K8="Medium","AMBER","GREEN"))) | M8: =IF(K8="","",IF(K8="Critical","P1 - Immediate",IF(K8="High","P2 - Next",IF(K8="Medium","P3 - Planned","P4 - Backlog")))) | U8: =IF(J8="","",J8+(1000-ROW())/100000)
A9: F-005 | J9: =IF(OR(H9="",I9=""),"",H9*I9) | K9: =IF(J9="","",IF(J9>=RISK_CRIT,"Critical",IF(J9>=RISK_HIGH,"High",IF(J9>=RISK_MED,"Medium","Low")))) | L9: =IF(K9="","",IF(OR(K9="Critical",K9="High"),"RED",IF(K9="Medium","AMBER","GREEN"))) | M9: =IF(K9="","",IF(K9="Critical","P1 - Immediate",IF(K9="High","P2 - Next",IF(K9="Medium","P3 - Planned","P4 - Backlog")))) | U9: =IF(J9="","",J9+(1000-ROW())/100000)
A10: F-006 | J10: =IF(OR(H10="",I10=""),"",H10*I10) | K10: =IF(J10="","",IF(J10>=RISK_CRIT,"Critical",IF(J10>=RISK_HIGH,"High",IF(J10>=RISK_MED,"Medium","Low")))) | L10: =IF(K10="","",IF(OR(K10="Critical",K10="High"),"RED",IF(K10="Medium","AMBER","GREEN"))) | M10: =IF(K10="","",IF(K10="Critical","P1 - Immediate",IF(K10="High","P2 - Next",IF(K10="Medium","P3 - Planned","P4 - Backlog")))) | U10: =IF(J10="","",J10+(1000-ROW())/100000)
A11: F-007 | J11: =IF(OR(H11="",I11=""),"",H11*I11) | K11: =IF(J11="","",IF(J11>=RISK_CRIT,"Critical",IF(J11>=RISK_HIGH,"High",IF(J11>=RISK_MED,"Medium","Low")))) | L11: =IF(K11="","",IF(OR(K11="Critical",K11="High"),"RED",IF(K11="Medium","AMBER","GREEN"))) | M11: =IF(K11="","",IF(K11="Critical","P1 - Immediate",IF(K11="High","P2 - Next",IF(K11="Medium","P3 - Planned","P4 - Backlog")))) | U11: =IF(J11="","",J11+(1000-ROW())/100000)
A12: F-008 | J12: =IF(OR(H12="",I12=""),"",H12*I12) | K12: =IF(J12="","",IF(J12>=RISK_CRIT,"Critical",IF(J12>=RISK_HIGH,"High",IF(J12>=RISK_MED,"Medium","Low")))) | L12: =IF(K12="","",IF(OR(K12="Critical",K12="High"),"RED",IF(K12="Medium","AMBER","GREEN"))) | M12: =IF(K12="","",IF(K12="Critical","P1 - Immediate",IF(K12="High","P2 - Next",IF(K12="Medium","P3 - Planned","P4 - Backlog")))) | U12: =IF(J12="","",J12+(1000-ROW())/100000)
A13: F-009 | J13: =IF(OR(H13="",I13=""),"",H13*I13) | K13: =IF(J13="","",IF(J13>=RISK_CRIT,"Critical",IF(J13>=RISK_HIGH,"High",IF(J13>=RISK_MED,"Medium","Low")))) | L13: =IF(K13="","",IF(OR(K13="Critical",K13="High"),"RED",IF(K13="Medium","AMBER","GREEN"))) | M13: =IF(K13="","",IF(K13="Critical","P1 - Immediate",IF(K13="High","P2 - Next",IF(K13="Medium","P3 - Planned","P4 - Backlog")))) | U13: =IF(J13="","",J13+(1000-ROW())/100000)
A14: F-010 | J14: =IF(OR(H14="",I14=""),"",H14*I14) | K14: =IF(J14="","",IF(J14>=RISK_CRIT,"Critical",IF(J14>=RISK_HIGH,"High",IF(J14>=RISK_MED,"Medium","Low")))) | L14: =IF(K14="","",IF(OR(K14="Critical",K14="High"),"RED",IF(K14="Medium","AMBER","GREEN"))) | M14: =IF(K14="","",IF(K14="Critical","P1 - Immediate",IF(K14="High","P2 - Next",IF(K14="Medium","P3 - Planned","P4 - Backlog")))) | U14: =IF(J14="","",J14+(1000-ROW())/100000)
A15: F-011 | J15: =IF(OR(H15="",I15=""),"",H15*I15) | K15: =IF(J15="","",IF(J15>=RISK_CRIT,"Critical",IF(J15>=RISK_HIGH,"High",IF(J15>=RISK_MED,"Medium","Low")))) | L15: =IF(K15="","",IF(OR(K15="Critical",K15="High"),"RED",IF(K15="Medium","AMBER","GREEN"))) | M15: =IF(K15="","",IF(K15="Critical","P1 - Immediate",IF(K15="High","P2 - Next",IF(K15="Medium","P3 - Planned","P4 - Backlog")))) | U15: =IF(J15="","",J15+(1000-ROW())/100000)
A16: F-012 | J16: =IF(OR(H16="",I16=""),"",H16*I16) | K16: =IF(J16="","",IF(J16>=RISK_CRIT,"Critical",IF(J16>=RISK_HIGH,"High",IF(J16>=RISK_MED,"Medium","Low")))) | L16: =IF(K16="","",IF(OR(K16="Critical",K16="High"),"RED",IF(K16="Medium","AMBER","GREEN"))) | M16: =IF(K16="","",IF(K16="Critical","P1 - Immediate",IF(K16="High","P2 - Next",IF(K16="Medium","P3 - Planned","P4 - Backlog")))) | U16: =IF(J16="","",J16+(1000-ROW())/100000)
... A64: F-060 | J64: =IF(OR(H64="",I64=""),"",H64*I64) | K64: =IF(J64="","",IF(J64>=RISK_CRIT,"Critical",IF(J64>=RISK_HIGH,"High",IF(J64>=RISK_MED,"Medium","Low")))) | L64: =IF(K64="","",IF(OR(K64="Critical",K64="High"),"RED",IF(K64="Medium","AMBER","GREEN"))) | M64: =IF(K64="","",IF(K64="Critical","P1 - Immediate",IF(K64="High","P2 - Next",IF(K64="Medium","P3 - Planned","P4 - Backlog")))) | U64: =IF(J64="","",J64+(1000-ROW())/100000)

Sheet Deliverables Tracker
A1: DELIVERABLES & ACCEPTANCE TRACKER
A2: SOW Section 3 (Key Deliverables) and Section 4 (Partner Responsibilities)
A4: No. | B4: Deliverable | C4: Minimum Content (per SOW) | D4: Workbook Source Tab(s) | E4: Status | F4: Owner | G4: Target Date | H4: Submitted Date | I4: FAB Acceptance | J4: FAB Review Comments | K4: Notes
A5: 1 | B5: Architecture Assessment Report | C5: Architecture observations, design gaps, risk rating and recommendations. | D5: Architecture Review; Findings & Remediation | E5: Not Started | F5: [Assign] | G5: [Date] | I5: Pending | J5: None
A6: 2 | B6: Traffic Flow Validation Report | C6: Validated ingress, egress and return paths with identified gaps. | D6: Traffic Flow Validation; Traffic Flow Matrix | E6: Not Started | F6: [Assign] | G6: [Date] | I6: Pending | J6: None
A7: 3 | B7: Resilience and Failover Review | C7: HA assessment, failover scenarios and UAT recommendations. | D7: HA & Resilience; UAT Failover Scenarios | E7: Not Started | F7: [Assign] | G7: [Date] | I7: Pending | J7: None
A8: 4 | B8: Integration Risk Register | C8: AWS and third-party interoperability risks, mitigations and ownership. | D8: Third-Party Integration; Integration Risk Register | E8: Not Started | F8: [Assign] | G8: [Date] | I8: Pending | J8: None
A9: 5 | B9: Cutover Readiness Assessment | C9: Migration risks, rollback readiness, go/no-go criteria and recommendations. | D9: Migration & Cutover; Go-NoGo Criteria | E9: Not Started | F9: [Assign] | G9: [Date] | I9: Pending | J9: None
A10: 6 | B10: Remediation Action Plan | C10: Prioritized corrective actions, dependencies, proposed owners and closure evidence. | D10: Findings & Remediation | E10: Not Started | F10: [Assign] | G10: [Date] | I10: Pending | J10: None
A11: 7 | B11: Final Presentation and KT | C11: Management summary, technical walkthrough, Q&A and editable source files. | D11: Executive Dashboard; all tabs | E11: Not Started | F11: [Assign] | G11: [Date] | I11: Pending | J11: None
A13: PARTNER RESPONSIBILITIES (SOW SECTION 4)
A14: # | B14: Responsibility | D14: Live Check (from workbook) | E14: Status | F14: Evidence / Notes
A15: 1 | B15: Assign experienced AWS network and security consultants. | E15: Not Started
A16: 2 | B16: Complete scope items and submit deliverables for FAB acceptance. | D16: =COUNTIF($I$5:$I$11,"Accepted")&" of "&ROWS($I$5:$I$11)&" deliverables accepted" -> 0 of 7 deliverables accepted | E16: Not Started
A17: 3 | B17: Include evidence, impact, risk rating, recommendation, dependency and owner for each finding. | D17: =SUMPRODUCT(--('Findings & Remediation'!$E$5:$E$64<>""),--((('Findings & Remediation'!$F$5:$F$64="")+('Findings & Remediation'!$G$5:$G$64="")+('Findings & Remediation'!$K$5:$K$64="")+('Findings & Remediation'!$N$5:$N$64="")+('Findings & Remediation'!$O$5:$O$64="")+('Findings & Remediation'!$P$5:$P$64=""))>0))&" finding(s) missing evidence, impact, risk rating, recommendation, dependency or owner" -> 0 finding(s) missing evidence, impact, risk rating, recommendation, dependency or owner | E17: Not Started
A18: 4 | B18: FAB review comments are resolved or formally recorded. | D18: =COUNTIF($J$5:$J$11,"Open")&" deliverable(s) with open FAB review comments" -> 0 deliverable(s) with open FAB review comments | E18: Not Started
A19: 5 | B19: Submit final reports, diagrams, risk register and editable artefacts. | E19: Not Started

Sheet Executive Dashboard
B1: EXECUTIVE SUMMARY DASHBOARD
B2: FAB - AWS Cloud Internet Breakout - Independent Technical Assessment (SOW-aligned)
B4: DOMAIN SCORE SUMMARY | I4: RAG DISTRIBUTION
B5: Assessment Domain | C5: Avg Score | D5: RAG Status | E5: Items Assessed | F5: Total Items | G5: % Complete | I5: Category | J5: RED | K5: AMBER | L5: GREEN
B6: Architecture Review (2.1) | C6: =IFERROR(AVERAGE('Architecture Review'!$G$5:$G$300),"") | D6: =IF(C6="","",IF(C6<=RED_MAX,"RED",IF(C6<=AMBER_MAX,"AMBER","GREEN"))) | E6: =COUNT('Architecture Review'!$G$5:$G$300) -> 0 | F6: =SUMPRODUCT(--(LEFT('Architecture Review'!$A$5:$A$300,4)="ARC-")) -> 43 | G6: =IF(F6=0,0,E6/F6) -> 0 | I6: Architecture Review (2.1) | J6: =COUNTIF('Architecture Review'!$H$5:$H$300,"RED") -> 0 | K6: =COUNTIF('Architecture Review'!$H$5:$H$300,"AMBER") -> 0 | L6: =COUNTIF('Architecture Review'!$H$5:$H$300,"GREEN") -> 0
B7: Traffic Flow Validation (2.2) | C7: =IFERROR(AVERAGE('Traffic Flow Validation'!$G$5:$G$300),"") | D7: =IF(C7="","",IF(C7<=RED_MAX,"RED",IF(C7<=AMBER_MAX,"AMBER","GREEN"))) | E7: =COUNT('Traffic Flow Validation'!$G$5:$G$300) -> 0 | F7: =SUMPRODUCT(--(LEFT('Traffic Flow Validation'!$A$5:$A$300,4)="TRF-")) -> 31 | G7: =IF(F7=0,0,E7/F7) -> 0 | I7: Traffic Flow Validation (2.2) | J7: =COUNTIF('Traffic Flow Validation'!$H$5:$H$300,"RED") -> 0 | K7: =COUNTIF('Traffic Flow Validation'!$H$5:$H$300,"AMBER") -> 0 | L7: =COUNTIF('Traffic Flow Validation'!$H$5:$H$300,"GREEN") -> 0
B8: HA & Resilience (2.3) | C8: =IFERROR(AVERAGE('HA & Resilience'!$G$5:$G$300),"") | D8: =IF(C8="","",IF(C8<=RED_MAX,"RED",IF(C8<=AMBER_MAX,"AMBER","GREEN"))) | E8: =COUNT('HA & Resilience'!$G$5:$G$300) -> 0 | F8: =SUMPRODUCT(--(LEFT('HA & Resilience'!$A$5:$A$300,4)="HAR-")) -> 29 | G8: =IF(F8=0,0,E8/F8) -> 0 | I8: HA & Resilience (2.3) | J8: =COUNTIF('HA & Resilience'!$H$5:$H$300,"RED") -> 0 | K8: =COUNTIF('HA & Resilience'!$H$5:$H$300,"AMBER") -> 0 | L8: =COUNTIF('HA & Resilience'!$H$5:$H$300,"GREEN") -> 0
B9: Third-Party Integration (2.4) | C9: =IFERROR(AVERAGE('Third-Party Integration'!$G$5:$G$300),"") | D9: =IF(C9="","",IF(C9<=RED_MAX,"RED",IF(C9<=AMBER_MAX,"AMBER","GREEN"))) | E9: =COUNT('Third-Party Integration'!$G$5:$G$300) -> 0 | F9: =SUMPRODUCT(--(LEFT('Third-Party Integration'!$A$5:$A$300,4)="TPI-")) -> 29 | G9: =IF(F9=0,0,E9/F9) -> 0 | I9: Third-Party Integration (2.4) | J9: =COUNTIF('Third-Party Integration'!$H$5:$H$300,"RED") -> 0 | K9: =COUNTIF('Third-Party Integration'!$H$5:$H$300,"AMBER") -> 0 | L9: =COUNTIF('Third-Party Integration'!$H$5:$H$300,"GREEN") -> 0
B10: Migration & Cutover (2.5) | C10: =IFERROR(AVERAGE('Migration & Cutover'!$G$5:$G$300),"") | D10: =IF(C10="","",IF(C10<=RED_MAX,"RED",IF(C10<=AMBER_MAX,"AMBER","GREEN"))) | E10: =COUNT('Migration & Cutover'!$G$5:$G$300) -> 0 | F10: =SUMPRODUCT(--(LEFT('Migration & Cutover'!$A$5:$A$300,4)="MIG-")) -> 27 | G10: =IF(F10=0,0,E10/F10) -> 0 | I10: Migration & Cutover (2.5) | J10: =COUNTIF('Migration & Cutover'!$H$5:$H$300,"RED") -> 0 | K10: =COUNTIF('Migration & Cutover'!$H$5:$H$300,"AMBER") -> 0 | L10: =COUNTIF('Migration & Cutover'!$H$5:$H$300,"GREEN") -> 0
B11: OVERALL | C11: =IFERROR(AVERAGE('Architecture Review'!$G$5:$G$300,'Traffic Flow Validation'!$G$5:$G$300,'HA & Resilience'!$G$5:$G$300,'Third-Party Integration'!$G$5:$G$300,'Migration & Cutover'!$G$5:$G$300),"") | D11: =IF(C11="","",IF(C11<=RED_MAX,"RED",IF(C11<=AMBER_MAX,"AMBER","GREEN"))) | E11: =SUM(E6:E10) -> 0 | F11: =SUM(F6:F10) -> 159 | G11: =IF(F11=0,0,E11/F11) -> 0 | I11: TOTAL | J11: =SUM(J6:J10) -> 0 | K11: =SUM(K6:K10) -> 0 | L11: =SUM(L6:L10) -> 0
B31: KEY METRICS | I31: TOP 10 FINDINGS BY RISK SCORE
B32: Metric | C32: Value | D32: Note | I32: Finding (ID - Summary) | J32: Risk Score | K32: Risk Rating | L32: Source Tab | N32: helper
B33: Total assessment items | C33: =F11 -> 159 | D33: Items across the five SOW assessment tabs | I33: =IF(N33="","",INDEX('Findings & Remediation'!$A$5:$A$64,N33)&" - "&INDEX('Findings & Remediation'!$E$5:$E$64,N33)) | J33: =IF(N33="","",INDEX('Findings & Remediation'!$J$5:$J$64,N33)) | K33: =IF(N33="","",INDEX('Findings & Remediation'!$K$5:$K$64,N33)) | L33: =IF(N33="","",INDEX('Findings & Remediation'!$B$5:$B$64,N33)) | N33: =IFERROR(MATCH(LARGE('Findings & Remediation'!$U$5:$U$64,1),'Findings & Remediation'!$U$5:$U$64,0),"")
B34: Items assessed (scored) | C34: =E11 -> 0 | I34: =IF(N34="","",INDEX('Findings & Remediation'!$A$5:$A$64,N34)&" - "&INDEX('Findings & Remediation'!$E$5:$E$64,N34)) | J34: =IF(N34="","",INDEX('Findings & Remediation'!$J$5:$J$64,N34)) | K34: =IF(N34="","",INDEX('Findings & Remediation'!$K$5:$K$64,N34)) | L34: =IF(N34="","",INDEX('Findings & Remediation'!$B$5:$B$64,N34)) | N34: =IFERROR(MATCH(LARGE('Findings & Remediation'!$U$5:$U$64,2),'Findings & Remediation'!$U$5:$U$64,0),"")
B35: Assessment completion | C35: =G11 -> 0 | I35: =IF(N35="","",INDEX('Findings & Remediation'!$A$5:$A$64,N35)&" - "&INDEX('Findings & Remediation'!$E$5:$E$64,N35)) | J35: =IF(N35="","",INDEX('Findings & Remediation'!$J$5:$J$64,N35)) | K35: =IF(N35="","",INDEX('Findings & Remediation'!$K$5:$K$64,N35)) | L35: =IF(N35="","",INDEX('Findings & Remediation'!$B$5:$B$64,N35)) | N35: =IFERROR(MATCH(LARGE('Findings & Remediation'!$U$5:$U$64,3),'Findings & Remediation'!$U$5:$U$64,0),"")
B36: Overall average score | C36: =C11 | D36: 1-5 scale; blank until items are scored | I36: =IF(N36="","",INDEX('Findings & Remediation'!$A$5:$A$64,N36)&" - "&INDEX('Findings & Remediation'!$E$5:$E$64,N36)) | J36: =IF(N36="","",INDEX('Findings & Remediation'!$J$5:$J$64,N36)) | K36: =IF(N36="","",INDEX('Findings & Remediation'!$K$5:$K$64,N36)) | L36: =IF(N36="","",INDEX('Findings & Remediation'!$B$5:$B$64,N36)) | N36: =IFERROR(MATCH(LARGE('Findings & Remediation'!$U$5:$U$64,4),'Findings & Remediation'!$U$5:$U$64,0),"")
B37: Overall RAG | C37: =D11 | I37: =IF(N37="","",INDEX('Findings & Remediation'!$A$5:$A$64,N37)&" - "&INDEX('Findings & Remediation'!$E$5:$E$64,N37)) | J37: =IF(N37="","",INDEX('Findings & Remediation'!$J$5:$J$64,N37)) | K37: =IF(N37="","",INDEX('Findings & Remediation'!$K$5:$K$64,N37)) | L37: =IF(N37="","",INDEX('Findings & Remediation'!$B$5:$B$64,N37)) | N37: =IFERROR(MATCH(LARGE('Findings & Remediation'!$U$5:$U$64,5),'Findings & Remediation'!$U$5:$U$64,0),"")
B38: RED items without a linked finding | C38: =SUMPRODUCT(('Architecture Review'!$H$5:$H$300="RED")*(COUNTIF('Findings & Remediation'!$C$5:$C$64,'Architecture Review'!$A$5:$A$300)=0))+SUMPRODUCT(('Traffic Flow Validation'!$H$5:$H$300="RED")*(COUNTIF('Findings & Remediation'!$C$5:$C$64,'Traffic Flow Validation'!$A$5:$A$300)=0))+SUMPRODUCT(('HA & Resilience'!$H$5:$H$300="RED")*(COUNTIF('Findings & Remediation'!$C$5:$C$64,'HA & Resilience'!$A$5:$A$300)=0))+SUMPRODUCT(('Third-Party Integration'!$H$5:$H$300="RED")*(COUNTIF('Findings & Remediation'!$C$5:$C$64,'Third-Party Integration'!$A$5:$A$300)=0))+SUMPRODUCT(('Migration & Cutover'!$H$5:$H$300="RED")*(COUNTIF('Findings & Remediation'!$C$5:$C$64,'Migration & Cutover'!$A$5:$A$300)=0)) -> 0 | D38: Each RED item should have a finding whose Item ID matches | I38: =IF(N38="","",INDEX('Findings & Remediation'!$A$5:$A$64,N38)&" - "&INDEX('Findings & Remediation'!$E$5:$E$64,N38)) | J38: =IF(N38="","",INDEX('Findings & Remediation'!$J$5:$J$64,N38)) | K38: =IF(N38="","",INDEX('Findings & Remediation'!$K$5:$K$64,N38)) | L38: =IF(N38="","",INDEX('Findings & Remediation'!$B$5:$B$64,N38)) | N38: =IFERROR(MATCH(LARGE('Findings & Remediation'!$U$5:$U$64,6),'Findings & Remediation'!$U$5:$U$64,0),"")
B39: Total findings recorded | C39: =COUNTA('Findings & Remediation'!$E$5:$E$64) -> 0 | D39: Rows in Findings & Remediation with a summary | I39: =IF(N39="","",INDEX('Findings & Remediation'!$A$5:$A$64,N39)&" - "&INDEX('Findings & Remediation'!$E$5:$E$64,N39)) | J39: =IF(N39="","",INDEX('Findings & Remediation'!$J$5:$J$64,N39)) | K39: =IF(N39="","",INDEX('Findings & Remediation'!$K$5:$K$64,N39)) | L39: =IF(N39="","",INDEX('Findings & Remediation'!$B$5:$B$64,N39)) | N39: =IFERROR(MATCH(LARGE('Findings & Remediation'!$U$5:$U$64,7),'Findings & Remediation'!$U$5:$U$64,0),"")
B40: Critical findings | C40: =COUNTIF('Findings & Remediation'!$K$5:$K$64,"Critical") -> 0 | D40: Risk Score >= Critical threshold | I40: =IF(N40="","",INDEX('Findings & Remediation'!$A$5:$A$64,N40)&" - "&INDEX('Findings & Remediation'!$E$5:$E$64,N40)) | J40: =IF(N40="","",INDEX('Findings & Remediation'!$J$5:$J$64,N40)) | K40: =IF(N40="","",INDEX('Findings & Remediation'!$K$5:$K$64,N40)) | L40: =IF(N40="","",INDEX('Findings & Remediation'!$B$5:$B$64,N40)) | N40: =IFERROR(MATCH(LARGE('Findings & Remediation'!$U$5:$U$64,8),'Findings & Remediation'!$U$5:$U$64,0),"")
B41: High findings | C41: =COUNTIF('Findings & Remediation'!$K$5:$K$64,"High") -> 0 | I41: =IF(N41="","",INDEX('Findings & Remediation'!$A$5:$A$64,N41)&" - "&INDEX('Findings & Remediation'!$E$5:$E$64,N41)) | J41: =IF(N41="","",INDEX('Findings & Remediation'!$J$5:$J$64,N41)) | K41: =IF(N41="","",INDEX('Findings & Remediation'!$K$5:$K$64,N41)) | L41: =IF(N41="","",INDEX('Findings & Remediation'!$B$5:$B$64,N41)) | N41: =IFERROR(MATCH(LARGE('Findings & Remediation'!$U$5:$U$64,9),'Findings & Remediation'!$U$5:$U$64,0),"")
B42: Medium findings | C42: =COUNTIF('Findings & Remediation'!$K$5:$K$64,"Medium") -> 0 | I42: =IF(N42="","",INDEX('Findings & Remediation'!$A$5:$A$64,N42)&" - "&INDEX('Findings & Remediation'!$E$5:$E$64,N42)) | J42: =IF(N42="","",INDEX('Findings & Remediation'!$J$5:$J$64,N42)) | K42: =IF(N42="","",INDEX('Findings & Remediation'!$K$5:$K$64,N42)) | L42: =IF(N42="","",INDEX('Findings & Remediation'!$B$5:$B$64,N42)) | N42: =IFERROR(MATCH(LARGE('Findings & Remediation'!$U$5:$U$64,10),'Findings & Remediation'!$U$5:$U$64,0),"")
B43: Low findings | C43: =COUNTIF('Findings & Remediation'!$K$5:$K$64,"Low") -> 0
B44: Open findings | C44: =COUNTIF('Findings & Remediation'!$R$5:$R$64,"Open") -> 0
B45: Findings in progress | C45: =COUNTIF('Findings & Remediation'!$R$5:$R$64,"In Progress") -> 0 | I45: ASSESSMENT INFORMATION
B46: Findings closed | C46: =COUNTIF('Findings & Remediation'!$R$5:$R$64,"Closed") -> 0 | I46: Customer: | J46: ='Cover & Instructions'!C7 -> First Abu Dhabi Bank (FAB)
B47: Findings missing SOW-required attributes | C47: =SUMPRODUCT(--('Findings & Remediation'!$E$5:$E$64<>""),--((('Findings & Remediation'!$F$5:$F$64="")+('Findings & Remediation'!$G$5:$G$64="")+('Findings & Remediation'!$K$5:$K$64="")+('Findings & Remediation'!$N$5:$N$64="")+('Findings & Remediation'!$O$5:$O$64="")+('Findings & Remediation'!$P$5:$P$64=""))>0)) -> 0 | D47: Evidence, impact, risk rating, recommendation, dependency, owner | I47: SOW Reference: | J47: ='Cover & Instructions'!C9 -> [Enter SOW No.]
B48: Integration risks registered | C48: =COUNTA('Integration Risk Register'!$C$5:$C$40) -> 18 | D48: Seeded candidates plus additions | I48: Assessment Date: | J48: ='Cover & Instructions'!C10 -> [DD/MM/YYYY]
B49: Integration risks rated Critical / High | C49: =COUNTIF('Integration Risk Register'!$I$5:$I$40,"Critical")+COUNTIF('Integration Risk Register'!$I$5:$I$40,"High") -> 0 | I49: Lead Assessor: | J49: ='Cover & Instructions'!C11 -> [Enter Name]
B50: UAT scenarios defined | C50: =COUNTA('UAT Failover Scenarios'!$B$5:$B$26) -> 16 | I50: Scope: | J50: ='Cover & Instructions'!C13 -> AWS Cloud Internet Breakout - Architecture, Traffic Flow, Resilience, Third-Party Integration, Migration & Cutover
B51: UAT scenarios passed | C51: =COUNTIF('UAT Failover Scenarios'!$J$5:$J$26,"Pass") -> 0
B52: UAT scenarios failed / blocked | C52: =COUNTIF('UAT Failover Scenarios'!$J$5:$J$26,"Fail")+COUNTIF('UAT Failover Scenarios'!$J$5:$J$26,"Blocked") -> 0 | I52: Methodology: | J52: SOW technical scope + AWS Well-Architected Framework (Security and Reliability pillars) + AWS Security Reference Architecture + vendor guidance
B53: Traffic flows defined | C53: =COUNTA('Traffic Flow Matrix'!$C$5:$C$28) -> 16
B54: Traffic flows validated (Pass) | C54: =COUNTIF('Traffic Flow Matrix'!$J$5:$J$28,"Pass") -> 0
B55: Traffic flows failed | C55: =COUNTIF('Traffic Flow Matrix'!$J$5:$J$28,"Fail") -> 0
B56: Go / No-Go decision | C56: ='Go-NoGo Criteria'!$C$4 -> PENDING | D56: From Go-NoGo Criteria tab
B57: Deliverables accepted by FAB | C57: =COUNTIF('Deliverables Tracker'!$I$5:$I$11,"Accepted") -> 0 | D57: Of 7 SOW deliverables
B59: DISCLAIMER: This workbook reflects the state of the environment at the time of evaluation. Scores and findings must be validated through technical verification and evidence. Seeded flow patterns, UAT scenarios and candidate integration risks are generic starting points and are not findings until validated against FAB's environment. Intended for the assessment team and FAB stakeholders.
